State,year,week,ILITOTAL
Arizona,2010,40,172
California,2010,40,632
Colorado,2010,40,134
Georgia,2010,40,647
Illinois,2010,40,505
New York,2010,40,37
Pennsylvania,2010,40,122
Texas,2010,40,1050
Washington,2010,40,16
Arizona,2010,41,183
California,2010,41,742
Colorado,2010,41,115
Georgia,2010,41,702
Illinois,2010,41,600
New York,2010,41,47
Pennsylvania,2010,41,157
Texas,2010,41,1061
Washington,2010,41,34
Arizona,2010,42,240
California,2010,42,766
Colorado,2010,42,152
Georgia,2010,42,793
Illinois,2010,42,644
New York,2010,42,53
Pennsylvania,2010,42,161
Texas,2010,42,1090
Washington,2010,42,28
Arizona,2010,43,233
California,2010,43,666
Colorado,2010,43,175
Georgia,2010,43,881
Illinois,2010,43,623
New York,2010,43,53
Pennsylvania,2010,43,133
Texas,2010,43,1117
Washington,2010,43,30
Arizona,2010,44,312
California,2010,44,887
Colorado,2010,44,193
Georgia,2010,44,1033
Illinois,2010,44,625
New York,2010,44,80
Pennsylvania,2010,44,181
Texas,2010,44,1218
Washington,2010,44,24
Arizona,2010,45,239
California,2010,45,906
Colorado,2010,45,139
Georgia,2010,45,1390
Illinois,2010,45,651
New York,2010,45,78
Pennsylvania,2010,45,184
Texas,2010,45,1310
Washington,2010,45,40
Arizona,2010,46,284
California,2010,46,1020
Colorado,2010,46,137
Georgia,2010,46,1938
Illinois,2010,46,661
New York,2010,46,79
Pennsylvania,2010,46,170
Texas,2010,46,1121
Washington,2010,46,44
Arizona,2010,47,251
California,2010,47,729
Colorado,2010,47,108
Georgia,2010,47,1801
Illinois,2010,47,622
New York,2010,47,58
Pennsylvania,2010,47,144
Texas,2010,47,964
Washington,2010,47,21
Arizona,2010,48,371
California,2010,48,939
Colorado,2010,48,168
Georgia,2010,48,1315
Illinois,2010,48,659
New York,2010,48,244
Pennsylvania,2010,48,217
Texas,2010,48,1273
Washington,2010,48,35
Arizona,2010,49,517
California,2010,49,1072
Colorado,2010,49,154
Georgia,2010,49,1685
Illinois,2010,49,732
New York,2010,49,303
Pennsylvania,2010,49,203
Texas,2010,49,1165
Washington,2010,49,33
Arizona,2010,50,488
California,2010,50,1170
Colorado,2010,50,174
Georgia,2010,50,2254
Illinois,2010,50,775
New York,2010,50,357
Pennsylvania,2010,50,196
Texas,2010,50,1350
Washington,2010,50,14
Arizona,2010,51,454
California,2010,51,1057
Colorado,2010,51,123
Georgia,2010,51,2489
Illinois,2010,51,1039
New York,2010,51,388
Pennsylvania,2010,51,214
Texas,2010,51,1418
Washington,2010,51,6
Arizona,2010,52,344
California,2010,52,916
Colorado,2010,52,160
Georgia,2010,52,2064
Illinois,2010,52,1251
New York,2010,52,349
Pennsylvania,2010,52,243
Texas,2010,52,1293
Washington,2010,52,30
Arizona,2011,1,411
California,2011,1,1190
Colorado,2011,1,199
Georgia,2011,1,1723
Illinois,2011,1,1172
New York,2011,1,352
Pennsylvania,2011,1,257
Texas,2011,1,1524
Washington,2011,1,35
Arizona,2011,2,447
California,2011,2,1354
Colorado,2011,2,202
Georgia,2011,2,1133
Illinois,2011,2,1280
New York,2011,2,383
Pennsylvania,2011,2,322
Texas,2011,2,1950
Washington,2011,2,33
Arizona,2011,3,604
California,2011,3,1324
Colorado,2011,3,236
Georgia,2011,3,1288
Illinois,2011,3,1664
New York,2011,3,356
Pennsylvania,2011,3,439
Texas,2011,3,2518
Washington,2011,3,16
Arizona,2011,4,756
California,2011,4,1768
Colorado,2011,4,406
Georgia,2011,4,1629
Illinois,2011,4,1991
New York,2011,4,437
Pennsylvania,2011,4,681
Texas,2011,4,3381
Washington,2011,4,46
Arizona,2011,5,682
California,2011,5,1747
Colorado,2011,5,486
Georgia,2011,5,1828
Illinois,2011,5,1857
New York,2011,5,528
Pennsylvania,2011,5,758
Texas,2011,5,3086
Washington,2011,5,75
Arizona,2011,6,769
California,2011,6,1987
Colorado,2011,6,548
Georgia,2011,6,1908
Illinois,2011,6,1774
New York,2011,6,572
Pennsylvania,2011,6,687
Texas,2011,6,3280
Washington,2011,6,63
Arizona,2011,7,770
California,2011,7,2036
Colorado,2011,7,654
Georgia,2011,7,1835
Illinois,2011,7,1739
New York,2011,7,537
Pennsylvania,2011,7,663
Texas,2011,7,4821
Washington,2011,7,114
Arizona,2011,8,681
California,2011,8,1775
Colorado,2011,8,637
Georgia,2011,8,1596
Illinois,2011,8,1568
New York,2011,8,420
Pennsylvania,2011,8,591
Texas,2011,8,3641
Washington,2011,8,94
Arizona,2011,9,454
California,2011,9,2007
Colorado,2011,9,591
Georgia,2011,9,1048
Illinois,2011,9,1579
New York,2011,9,328
Pennsylvania,2011,9,485
Texas,2011,9,2401
Washington,2011,9,98
Arizona,2011,10,443
California,2011,10,1853
Colorado,2011,10,451
Georgia,2011,10,794
Illinois,2011,10,1345
New York,2011,10,313
Pennsylvania,2011,10,368
Texas,2011,10,1784
Washington,2011,10,82
Arizona,2011,11,310
California,2011,11,1598
Colorado,2011,11,387
Georgia,2011,11,775
Illinois,2011,11,1284
New York,2011,11,339
Pennsylvania,2011,11,328
Texas,2011,11,1231
Washington,2011,11,73
Arizona,2011,12,276
California,2011,12,1111
Colorado,2011,12,289
Georgia,2011,12,665
Illinois,2011,12,1045
New York,2011,12,254
Pennsylvania,2011,12,253
Texas,2011,12,1082
Washington,2011,12,76
Arizona,2011,13,272
California,2011,13,1160
Colorado,2011,13,192
Georgia,2011,13,581
Illinois,2011,13,985
New York,2011,13,242
Pennsylvania,2011,13,244
Texas,2011,13,968
Washington,2011,13,42
Arizona,2011,14,246
California,2011,14,927
Colorado,2011,14,182
Georgia,2011,14,549
Illinois,2011,14,851
New York,2011,14,251
Pennsylvania,2011,14,264
Texas,2011,14,827
Washington,2011,14,18
Arizona,2011,15,222
California,2011,15,918
Colorado,2011,15,167
Georgia,2011,15,485
Illinois,2011,15,616
New York,2011,15,236
Pennsylvania,2011,15,213
Texas,2011,15,770
Washington,2011,15,25
Arizona,2011,16,257
California,2011,16,736
Colorado,2011,16,153
Georgia,2011,16,490
Illinois,2011,16,640
New York,2011,16,197
Pennsylvania,2011,16,144
Texas,2011,16,683
Washington,2011,16,33
Arizona,2011,17,241
California,2011,17,784
Colorado,2011,17,177
Georgia,2011,17,468
Illinois,2011,17,526
New York,2011,17,123
Pennsylvania,2011,17,142
Texas,2011,17,605
Washington,2011,17,16
Arizona,2011,18,181
California,2011,18,734
Colorado,2011,18,151
Georgia,2011,18,446
Illinois,2011,18,479
New York,2011,18,153
Pennsylvania,2011,18,141
Texas,2011,18,662
Washington,2011,18,16
Arizona,2011,19,156
California,2011,19,672
Colorado,2011,19,113
Georgia,2011,19,488
Illinois,2011,19,575
New York,2011,19,164
Pennsylvania,2011,19,120
Texas,2011,19,730
Washington,2011,19,11
Arizona,2011,20,124
California,2011,20,700
Colorado,2011,20,118
Georgia,2011,20,491
Illinois,2011,20,392
New York,2011,20,57
Pennsylvania,2011,20,113
Texas,2011,20,574
Washington,2011,20,8
Arizona,2011,21,137
California,2011,21,583
Colorado,2011,21,112
Georgia,2011,21,373
Illinois,2011,21,381
New York,2011,21,99
Pennsylvania,2011,21,95
Texas,2011,21,459
Washington,2011,21,2
Arizona,2011,22,104
California,2011,22,581
Colorado,2011,22,88
Georgia,2011,22,414
Illinois,2011,22,516
New York,2011,22,88
Pennsylvania,2011,22,98
Texas,2011,22,487
Washington,2011,22,2
Arizona,2011,23,97
California,2011,23,588
Colorado,2011,23,84
Georgia,2011,23,300
Illinois,2011,23,392
New York,2011,23,8
Pennsylvania,2011,23,111
Texas,2011,23,391
Washington,2011,23,3
Arizona,2011,24,80
California,2011,24,461
Colorado,2011,24,70
Georgia,2011,24,249
Illinois,2011,24,311
New York,2011,24,5
Pennsylvania,2011,24,75
Texas,2011,24,434
Washington,2011,24,1
Arizona,2011,25,86
California,2011,25,436
Colorado,2011,25,55
Georgia,2011,25,214
Illinois,2011,25,307
New York,2011,25,7
Pennsylvania,2011,25,81
Texas,2011,25,378
Washington,2011,25,0
Arizona,2011,26,81
California,2011,26,426
Colorado,2011,26,45
Georgia,2011,26,168
Illinois,2011,26,379
New York,2011,26,7
Pennsylvania,2011,26,64
Texas,2011,26,323
Washington,2011,26,0
Arizona,2011,27,82
California,2011,27,343
Colorado,2011,27,64
Georgia,2011,27,222
Illinois,2011,27,372
New York,2011,27,2
Pennsylvania,2011,27,82
Texas,2011,27,333
Washington,2011,27,0
Arizona,2011,28,95
California,2011,28,383
Colorado,2011,28,56
Georgia,2011,28,173
Illinois,2011,28,244
New York,2011,28,3
Pennsylvania,2011,28,55
Texas,2011,28,384
Washington,2011,28,0
Arizona,2011,29,77
California,2011,29,327
Colorado,2011,29,75
Georgia,2011,29,154
Illinois,2011,29,335
New York,2011,29,7
Pennsylvania,2011,29,60
Texas,2011,29,260
Washington,2011,29,0
Arizona,2011,30,67
California,2011,30,303
Colorado,2011,30,70
Georgia,2011,30,181
Illinois,2011,30,356
New York,2011,30,7
Pennsylvania,2011,30,54
Texas,2011,30,298
Washington,2011,30,0
Arizona,2011,31,91
California,2011,31,91
Colorado,2011,31,93
Georgia,2011,31,186
Illinois,2011,31,351
New York,2011,31,8
Pennsylvania,2011,31,50
Texas,2011,31,317
Washington,2011,31,0
Arizona,2011,32,69
California,2011,32,295
Colorado,2011,32,69
Georgia,2011,32,241
Illinois,2011,32,316
New York,2011,32,6
Pennsylvania,2011,32,62
Texas,2011,32,302
Washington,2011,32,0
Arizona,2011,33,98
California,2011,33,284
Colorado,2011,33,77
Georgia,2011,33,284
Illinois,2011,33,370
New York,2011,33,7
Pennsylvania,2011,33,56
Texas,2011,33,372
Washington,2011,33,0
Arizona,2011,34,128
California,2011,34,350
Colorado,2011,34,78
Georgia,2011,34,406
Illinois,2011,34,398
New York,2011,34,6
Pennsylvania,2011,34,57
Texas,2011,34,388
Washington,2011,34,1
Arizona,2011,35,148
California,2011,35,376
Colorado,2011,35,119
Georgia,2011,35,389
Illinois,2011,35,431
New York,2011,35,10
Pennsylvania,2011,35,67
Texas,2011,35,550
Washington,2011,35,0
Arizona,2011,36,85
California,2011,36,322
Colorado,2011,36,99
Georgia,2011,36,435
Illinois,2011,36,448
New York,2011,36,8
Pennsylvania,2011,36,76
Texas,2011,36,557
Washington,2011,36,1
Arizona,2011,37,118
California,2011,37,420
Colorado,2011,37,121
Georgia,2011,37,467
Illinois,2011,37,439
New York,2011,37,9
Pennsylvania,2011,37,113
Texas,2011,37,591
Washington,2011,37,1
Arizona,2011,38,107
California,2011,38,445
Colorado,2011,38,124
Georgia,2011,38,453
Illinois,2011,38,541
New York,2011,38,22
Pennsylvania,2011,38,139
Texas,2011,38,568
Washington,2011,38,4
Arizona,2011,39,120
California,2011,39,474
Colorado,2011,39,131
Georgia,2011,39,563
Illinois,2011,39,512
New York,2011,39,24
Pennsylvania,2011,39,188
Texas,2011,39,510
Washington,2011,39,0
Arizona,2011,40,138
California,2011,40,568
Colorado,2011,40,153
Georgia,2011,40,578
Illinois,2011,40,886
New York,2011,40,79
Pennsylvania,2011,40,150
Texas,2011,40,772
Washington,2011,40,38
Arizona,2011,41,132
California,2011,41,703
Colorado,2011,41,117
Georgia,2011,41,559
Illinois,2011,41,794
New York,2011,41,81
Pennsylvania,2011,41,161
Texas,2011,41,692
Washington,2011,41,39
Arizona,2011,42,153
California,2011,42,801
Colorado,2011,42,123
Georgia,2011,42,485
Illinois,2011,42,755
New York,2011,42,62
Pennsylvania,2011,42,168
Texas,2011,42,792
Washington,2011,42,32
Arizona,2011,43,179
California,2011,43,797
Colorado,2011,43,127
Georgia,2011,43,389
Illinois,2011,43,772
New York,2011,43,59
Pennsylvania,2011,43,186
Texas,2011,43,833
Washington,2011,43,39
Arizona,2011,44,201
California,2011,44,866
Colorado,2011,44,116
Georgia,2011,44,577
Illinois,2011,44,797
New York,2011,44,83
Pennsylvania,2011,44,206
Texas,2011,44,768
Washington,2011,44,55
Arizona,2011,45,198
California,2011,45,784
Colorado,2011,45,108
Georgia,2011,45,623
Illinois,2011,45,742
New York,2011,45,62
Pennsylvania,2011,45,228
Texas,2011,45,876
Washington,2011,45,41
Arizona,2011,46,250
California,2011,46,992
Colorado,2011,46,152
Georgia,2011,46,569
Illinois,2011,46,819
New York,2011,46,63
Pennsylvania,2011,46,201
Texas,2011,46,915
Washington,2011,46,55
Arizona,2011,47,219
California,2011,47,594
Colorado,2011,47,84
Georgia,2011,47,599
Illinois,2011,47,783
New York,2011,47,36
Pennsylvania,2011,47,193
Texas,2011,47,722
Washington,2011,47,39
Arizona,2011,48,242
California,2011,48,511
Colorado,2011,48,141
Georgia,2011,48,520
Illinois,2011,48,772
New York,2011,48,87
Pennsylvania,2011,48,217
Texas,2011,48,802
Washington,2011,48,42
Arizona,2011,49,223
California,2011,49,883
Colorado,2011,49,137
Georgia,2011,49,440
Illinois,2011,49,694
New York,2011,49,101
Pennsylvania,2011,49,180
Texas,2011,49,608
Washington,2011,49,28
Arizona,2011,50,193
California,2011,50,951
Colorado,2011,50,141
Georgia,2011,50,553
Illinois,2011,50,772
New York,2011,50,82
Pennsylvania,2011,50,192
Texas,2011,50,781
Washington,2011,50,47
Arizona,2011,51,192
California,2011,51,843
Colorado,2011,51,125
Georgia,2011,51,778
Illinois,2011,51,840
New York,2011,51,57
Pennsylvania,2011,51,203
Texas,2011,51,779
Washington,2011,51,47
Arizona,2011,52,213
California,2011,52,718
Colorado,2011,52,123
Georgia,2011,52,714
Illinois,2011,52,1020
New York,2011,52,36
Pennsylvania,2011,52,228
Texas,2011,52,713
Washington,2011,52,43
Arizona,2012,1,225
California,2012,1,854
Colorado,2012,1,127
Georgia,2012,1,609
Illinois,2012,1,888
New York,2012,1,72
Pennsylvania,2012,1,183
Texas,2012,1,745
Washington,2012,1,53
Arizona,2012,2,207
California,2012,2,958
Colorado,2012,2,157
Georgia,2012,2,550
Illinois,2012,2,830
New York,2012,2,84
Pennsylvania,2012,2,205
Texas,2012,2,859
Washington,2012,2,44
Arizona,2012,3,212
California,2012,3,855
Colorado,2012,3,160
Georgia,2012,3,622
Illinois,2012,3,867
New York,2012,3,80
Pennsylvania,2012,3,201
Texas,2012,3,923
Washington,2012,3,39
Arizona,2012,4,216
California,2012,4,1224
Colorado,2012,4,231
Georgia,2012,4,642
Illinois,2012,4,948
New York,2012,4,69
Pennsylvania,2012,4,217
Texas,2012,4,899
Washington,2012,4,49
Arizona,2012,5,303
California,2012,5,1359
Colorado,2012,5,213
Georgia,2012,5,768
Illinois,2012,5,1136
New York,2012,5,88
Pennsylvania,2012,5,219
Texas,2012,5,1046
Washington,2012,5,93
Arizona,2012,6,273
California,2012,6,1265
Colorado,2012,6,239
Georgia,2012,6,724
Illinois,2012,6,989
New York,2012,6,72
Pennsylvania,2012,6,236
Texas,2012,6,1124
Washington,2012,6,90
Arizona,2012,7,362
California,2012,7,1278
Colorado,2012,7,243
Georgia,2012,7,740
Illinois,2012,7,1361
New York,2012,7,81
Pennsylvania,2012,7,230
Texas,2012,7,1241
Washington,2012,7,83
Arizona,2012,8,344
California,2012,8,1300
Colorado,2012,8,316
Georgia,2012,8,379
Illinois,2012,8,1557
New York,2012,8,124
Pennsylvania,2012,8,232
Texas,2012,8,1141
Washington,2012,8,92
Arizona,2012,9,354
California,2012,9,1253
Colorado,2012,9,343
Georgia,2012,9,732
Illinois,2012,9,1561
New York,2012,9,109
Pennsylvania,2012,9,213
Texas,2012,9,1434
Washington,2012,9,84
Arizona,2012,10,334
California,2012,10,812
Colorado,2012,10,321
Georgia,2012,10,696
Illinois,2012,10,1829
New York,2012,10,102
Pennsylvania,2012,10,172
Texas,2012,10,960
Washington,2012,10,103
Arizona,2012,11,321
California,2012,11,920
Colorado,2012,11,340
Georgia,2012,11,748
Illinois,2012,11,2074
New York,2012,11,127
Pennsylvania,2012,11,199
Texas,2012,11,1278
Washington,2012,11,97
Arizona,2012,12,309
California,2012,12,819
Colorado,2012,12,274
Georgia,2012,12,688
Illinois,2012,12,1562
New York,2012,12,86
Pennsylvania,2012,12,205
Texas,2012,12,1149
Washington,2012,12,78
Arizona,2012,13,298
California,2012,13,1229
Colorado,2012,13,188
Georgia,2012,13,642
Illinois,2012,13,1077
New York,2012,13,78
Pennsylvania,2012,13,214
Texas,2012,13,1057
Washington,2012,13,102
Arizona,2012,14,275
California,2012,14,952
Colorado,2012,14,194
Georgia,2012,14,521
Illinois,2012,14,1009
New York,2012,14,95
Pennsylvania,2012,14,184
Texas,2012,14,947
Washington,2012,14,115
Arizona,2012,15,280
California,2012,15,927
Colorado,2012,15,156
Georgia,2012,15,468
Illinois,2012,15,962
New York,2012,15,88
Pennsylvania,2012,15,196
Texas,2012,15,851
Washington,2012,15,125
Arizona,2012,16,234
California,2012,16,717
Colorado,2012,16,129
Georgia,2012,16,468
Illinois,2012,16,863
New York,2012,16,88
Pennsylvania,2012,16,193
Texas,2012,16,842
Washington,2012,16,120
Arizona,2012,17,175
California,2012,17,693
Colorado,2012,17,133
Georgia,2012,17,303
Illinois,2012,17,839
New York,2012,17,82
Pennsylvania,2012,17,148
Texas,2012,17,765
Washington,2012,17,93
Arizona,2012,18,163
California,2012,18,732
Colorado,2012,18,125
Georgia,2012,18,175
Illinois,2012,18,749
New York,2012,18,47
Pennsylvania,2012,18,143
Texas,2012,18,737
Washington,2012,18,106
Arizona,2012,19,151
California,2012,19,673
Colorado,2012,19,99
Georgia,2012,19,189
Illinois,2012,19,544
New York,2012,19,52
Pennsylvania,2012,19,127
Texas,2012,19,751
Washington,2012,19,79
Arizona,2012,20,126
California,2012,20,613
Colorado,2012,20,130
Georgia,2012,20,208
Illinois,2012,20,542
New York,2012,20,46
Pennsylvania,2012,20,119
Texas,2012,20,750
Washington,2012,20,54
Arizona,2012,21,117
California,2012,21,593
Colorado,2012,21,77
Georgia,2012,21,476
Illinois,2012,21,482
New York,2012,21,34
Pennsylvania,2012,21,97
Texas,2012,21,781
Washington,2012,21,26
Arizona,2012,22,99
California,2012,22,465
Colorado,2012,22,85
Georgia,2012,22,496
Illinois,2012,22,511
New York,2012,22,24
Pennsylvania,2012,22,83
Texas,2012,22,611
Washington,2012,22,25
Arizona,2012,23,92
California,2012,23,497
Colorado,2012,23,88
Georgia,2012,23,363
Illinois,2012,23,490
New York,2012,23,18
Pennsylvania,2012,23,71
Texas,2012,23,552
Washington,2012,23,19
Arizona,2012,24,102
California,2012,24,466
Colorado,2012,24,77
Georgia,2012,24,346
Illinois,2012,24,374
New York,2012,24,9
Pennsylvania,2012,24,62
Texas,2012,24,520
Washington,2012,24,16
Arizona,2012,25,90
California,2012,25,482
Colorado,2012,25,75
Georgia,2012,25,261
Illinois,2012,25,389
New York,2012,25,13
Pennsylvania,2012,25,64
Texas,2012,25,539
Washington,2012,25,17
Arizona,2012,26,94
California,2012,26,411
Colorado,2012,26,60
Georgia,2012,26,231
Illinois,2012,26,402
New York,2012,26,8
Pennsylvania,2012,26,59
Texas,2012,26,572
Washington,2012,26,16
Arizona,2012,27,57
California,2012,27,365
Colorado,2012,27,57
Georgia,2012,27,253
Illinois,2012,27,369
New York,2012,27,13
Pennsylvania,2012,27,43
Texas,2012,27,516
Washington,2012,27,13
Arizona,2012,28,63
California,2012,28,390
Colorado,2012,28,68
Georgia,2012,28,221
Illinois,2012,28,396
New York,2012,28,8
Pennsylvania,2012,28,49
Texas,2012,28,467
Washington,2012,28,12
Arizona,2012,29,67
California,2012,29,357
Colorado,2012,29,69
Georgia,2012,29,222
Illinois,2012,29,397
New York,2012,29,7
Pennsylvania,2012,29,57
Texas,2012,29,471
Washington,2012,29,12
Arizona,2012,30,77
California,2012,30,354
Colorado,2012,30,72
Georgia,2012,30,231
Illinois,2012,30,429
New York,2012,30,5
Pennsylvania,2012,30,71
Texas,2012,30,438
Washington,2012,30,13
Arizona,2012,31,102
California,2012,31,362
Colorado,2012,31,59
Georgia,2012,31,210
Illinois,2012,31,490
New York,2012,31,9
Pennsylvania,2012,31,52
Texas,2012,31,491
Washington,2012,31,7
Arizona,2012,32,127
California,2012,32,343
Colorado,2012,32,62
Georgia,2012,32,281
Illinois,2012,32,378
New York,2012,32,5
Pennsylvania,2012,32,46
Texas,2012,32,500
Washington,2012,32,14
Arizona,2012,33,116
California,2012,33,160
Colorado,2012,33,72
Georgia,2012,33,335
Illinois,2012,33,442
New York,2012,33,7
Pennsylvania,2012,33,55
Texas,2012,33,519
Washington,2012,33,11
Arizona,2012,34,142
California,2012,34,411
Colorado,2012,34,95
Georgia,2012,34,483
Illinois,2012,34,518
New York,2012,34,4
Pennsylvania,2012,34,68
Texas,2012,34,561
Washington,2012,34,8
Arizona,2012,35,179
California,2012,35,525
Colorado,2012,35,110
Georgia,2012,35,414
Illinois,2012,35,579
New York,2012,35,7
Pennsylvania,2012,35,65
Texas,2012,35,542
Washington,2012,35,7
Arizona,2012,36,133
California,2012,36,543
Colorado,2012,36,89
Georgia,2012,36,215
Illinois,2012,36,503
New York,2012,36,8
Pennsylvania,2012,36,66
Texas,2012,36,579
Washington,2012,36,13
Arizona,2012,37,137
California,2012,37,627
Colorado,2012,37,97
Georgia,2012,37,226
Illinois,2012,37,687
New York,2012,37,15
Pennsylvania,2012,37,117
Texas,2012,37,780
Washington,2012,37,9
Arizona,2012,38,137
California,2012,38,678
Colorado,2012,38,102
Georgia,2012,38,211
Illinois,2012,38,607
New York,2012,38,9
Pennsylvania,2012,38,97
Texas,2012,38,782
Washington,2012,38,18
Arizona,2012,39,122
California,2012,39,656
Colorado,2012,39,132
Georgia,2012,39,230
Illinois,2012,39,644
New York,2012,39,24
Pennsylvania,2012,39,109
Texas,2012,39,778
Washington,2012,39,18
Arizona,2012,40,132
California,2012,40,720
Colorado,2012,40,102
Georgia,2012,40,261
Illinois,2012,40,696
New York,2012,40,48
Pennsylvania,2012,40,213
Texas,2012,40,794
Washington,2012,40,38
Arizona,2012,41,136
California,2012,41,781
Colorado,2012,41,115
Georgia,2012,41,308
Illinois,2012,41,734
New York,2012,41,94
Pennsylvania,2012,41,171
Texas,2012,41,951
Washington,2012,41,40
Arizona,2012,42,194
California,2012,42,840
Colorado,2012,42,98
Georgia,2012,42,278
Illinois,2012,42,789
New York,2012,42,156
Pennsylvania,2012,42,219
Texas,2012,42,768
Washington,2012,42,49
Arizona,2012,43,139
California,2012,43,812
Colorado,2012,43,101
Georgia,2012,43,364
Illinois,2012,43,765
New York,2012,43,124
Pennsylvania,2012,43,201
Texas,2012,43,981
Washington,2012,43,47
Arizona,2012,44,193
California,2012,44,853
Colorado,2012,44,124
Georgia,2012,44,384
Illinois,2012,44,836
New York,2012,44,84
Pennsylvania,2012,44,213
Texas,2012,44,1080
Washington,2012,44,61
Arizona,2012,45,224
California,2012,45,909
Colorado,2012,45,137
Georgia,2012,45,587
Illinois,2012,45,923
New York,2012,45,138
Pennsylvania,2012,45,235
Texas,2012,45,1314
Washington,2012,45,60
Arizona,2012,46,224
California,2012,46,857
Colorado,2012,46,164
Georgia,2012,46,787
Illinois,2012,46,885
New York,2012,46,171
Pennsylvania,2012,46,236
Texas,2012,46,1269
Washington,2012,46,86
Arizona,2012,47,193
California,2012,47,639
Colorado,2012,47,147
Georgia,2012,47,781
Illinois,2012,47,853
New York,2012,47,176
Pennsylvania,2012,47,208
Texas,2012,47,1644
Washington,2012,47,56
Arizona,2012,48,217
California,2012,48,946
Colorado,2012,48,230
Georgia,2012,48,1086
Illinois,2012,48,1116
New York,2012,48,260
Pennsylvania,2012,48,282
Texas,2012,48,1692
Washington,2012,48,75
Arizona,2012,49,281
California,2012,49,905
Colorado,2012,49,300
Georgia,2012,49,1338
Illinois,2012,49,1529
New York,2012,49,380
Pennsylvania,2012,49,424
Texas,2012,49,2229
Washington,2012,49,71
Arizona,2012,50,344
California,2012,50,920
Colorado,2012,50,402
Georgia,2012,50,1416
Illinois,2012,50,1995
New York,2012,50,506
Pennsylvania,2012,50,566
Texas,2012,50,2524
Washington,2012,50,100
Arizona,2012,51,424
California,2012,51,1025
Colorado,2012,51,556
Georgia,2012,51,1320
Illinois,2012,51,2271
New York,2012,51,562
Pennsylvania,2012,51,629
Texas,2012,51,3327
Washington,2012,51,88
Arizona,2012,52,446
California,2012,52,957
Colorado,2012,52,483
Georgia,2012,52,1427
Illinois,2012,52,2227
New York,2012,52,475
Pennsylvania,2012,52,642
Texas,2012,52,2924
Washington,2012,52,99
Arizona,2013,1,512
California,2013,1,812
Colorado,2013,1,492
Georgia,2013,1,783
Illinois,2013,1,1903
New York,2013,1,397
Pennsylvania,2013,1,539
Texas,2013,1,3023
Washington,2013,1,127
Arizona,2013,2,649
California,2013,2,1255
Colorado,2013,2,705
Georgia,2013,2,1014
Illinois,2013,2,2008
New York,2013,2,627
Pennsylvania,2013,2,762
Texas,2013,2,3518
Washington,2013,2,173
Arizona,2013,3,934
California,2013,3,1783
Colorado,2013,3,891
Georgia,2013,3,818
Illinois,2013,3,1790
New York,2013,3,647
Pennsylvania,2013,3,892
Texas,2013,3,3430
Washington,2013,3,231
Arizona,2013,4,1046
California,2013,4,2043
Colorado,2013,4,757
Georgia,2013,4,605
Illinois,2013,4,1500
New York,2013,4,621
Pennsylvania,2013,4,608
Texas,2013,4,3284
Washington,2013,4,181
Arizona,2013,5,824
California,2013,5,2349
Colorado,2013,5,687
Georgia,2013,5,651
Illinois,2013,5,1572
New York,2013,5,468
Pennsylvania,2013,5,486
Texas,2013,5,2367
Washington,2013,5,174
Arizona,2013,6,730
California,2013,6,1993
Colorado,2013,6,593
Georgia,2013,6,686
Illinois,2013,6,1381
New York,2013,6,419
Pennsylvania,2013,6,412
Texas,2013,6,1822
Washington,2013,6,157
Arizona,2013,7,635
California,2013,7,1746
Colorado,2013,7,434
Georgia,2013,7,636
Illinois,2013,7,1282
New York,2013,7,540
Pennsylvania,2013,7,507
Texas,2013,7,1514
Washington,2013,7,114
Arizona,2013,8,490
California,2013,8,1365
Colorado,2013,8,396
Georgia,2013,8,660
Illinois,2013,8,1064
New York,2013,8,551
Pennsylvania,2013,8,431
Texas,2013,8,1247
Washington,2013,8,88
Arizona,2013,9,421
California,2013,9,1354
Colorado,2013,9,331
Georgia,2013,9,674
Illinois,2013,9,1194
New York,2013,9,434
Pennsylvania,2013,9,452
Texas,2013,9,1272
Washington,2013,9,96
Arizona,2013,10,358
California,2013,10,1399
Colorado,2013,10,262
Georgia,2013,10,754
Illinois,2013,10,1102
New York,2013,10,369
Pennsylvania,2013,10,350
Texas,2013,10,1350
Washington,2013,10,80
Arizona,2013,11,281
California,2013,11,1159
Colorado,2013,11,229
Georgia,2013,11,729
Illinois,2013,11,1073
New York,2013,11,378
Pennsylvania,2013,11,387
Texas,2013,11,1028
Washington,2013,11,47
Arizona,2013,12,239
California,2013,12,1017
Colorado,2013,12,156
Georgia,2013,12,590
Illinois,2013,12,1039
New York,2013,12,289
Pennsylvania,2013,12,296
Texas,2013,12,1042
Washington,2013,12,31
Arizona,2013,13,166
California,2013,13,871
Colorado,2013,13,147
Georgia,2013,13,572
Illinois,2013,13,954
New York,2013,13,179
Pennsylvania,2013,13,222
Texas,2013,13,913
Washington,2013,13,41
Arizona,2013,14,180
California,2013,14,715
Colorado,2013,14,133
Georgia,2013,14,480
Illinois,2013,14,932
New York,2013,14,173
Pennsylvania,2013,14,226
Texas,2013,14,806
Washington,2013,14,49
Arizona,2013,15,188
California,2013,15,687
Colorado,2013,15,112
Georgia,2013,15,327
Illinois,2013,15,746
New York,2013,15,162
Pennsylvania,2013,15,179
Texas,2013,15,835
Washington,2013,15,31
Arizona,2013,16,151
California,2013,16,609
Colorado,2013,16,116
Georgia,2013,16,270
Illinois,2013,16,724
New York,2013,16,183
Pennsylvania,2013,16,154
Texas,2013,16,847
Washington,2013,16,25
Arizona,2013,17,168
California,2013,17,600
Colorado,2013,17,122
Georgia,2013,17,175
Illinois,2013,17,705
New York,2013,17,146
Pennsylvania,2013,17,135
Texas,2013,17,745
Washington,2013,17,26
Arizona,2013,18,186
California,2013,18,561
Colorado,2013,18,130
Georgia,2013,18,152
Illinois,2013,18,678
New York,2013,18,115
Pennsylvania,2013,18,126
Texas,2013,18,670
Washington,2013,18,31
Arizona,2013,19,126
California,2013,19,528
Colorado,2013,19,126
Georgia,2013,19,200
Illinois,2013,19,664
New York,2013,19,100
Pennsylvania,2013,19,111
Texas,2013,19,702
Washington,2013,19,17
Arizona,2013,20,109
California,2013,20,545
Colorado,2013,20,103
Georgia,2013,20,158
Illinois,2013,20,647
New York,2013,20,84
Pennsylvania,2013,20,87
Texas,2013,20,680
Washington,2013,20,17
Arizona,2013,21,93
California,2013,21,495
Colorado,2013,21,104
Georgia,2013,21,154
Illinois,2013,21,526
New York,2013,21,62
Pennsylvania,2013,21,91
Texas,2013,21,598
Washington,2013,21,13
Arizona,2013,22,87
California,2013,22,390
Colorado,2013,22,78
Georgia,2013,22,139
Illinois,2013,22,531
New York,2013,22,88
Pennsylvania,2013,22,86
Texas,2013,22,585
Washington,2013,22,18
Arizona,2013,23,95
California,2013,23,454
Colorado,2013,23,76
Georgia,2013,23,98
Illinois,2013,23,585
New York,2013,23,76
Pennsylvania,2013,23,78
Texas,2013,23,545
Washington,2013,23,21
Arizona,2013,24,97
California,2013,24,433
Colorado,2013,24,98
Georgia,2013,24,91
Illinois,2013,24,499
New York,2013,24,68
Pennsylvania,2013,24,70
Texas,2013,24,510
Washington,2013,24,21
Arizona,2013,25,76
California,2013,25,407
Colorado,2013,25,67
Georgia,2013,25,84
Illinois,2013,25,473
New York,2013,25,46
Pennsylvania,2013,25,57
Texas,2013,25,644
Washington,2013,25,19
Arizona,2013,26,74
California,2013,26,355
Colorado,2013,26,84
Georgia,2013,26,70
Illinois,2013,26,428
New York,2013,26,53
Pennsylvania,2013,26,53
Texas,2013,26,569
Washington,2013,26,10
Arizona,2013,27,58
California,2013,27,288
Colorado,2013,27,57
Georgia,2013,27,82
Illinois,2013,27,370
New York,2013,27,45
Pennsylvania,2013,27,42
Texas,2013,27,508
Washington,2013,27,10
Arizona,2013,28,56
California,2013,28,334
Colorado,2013,28,80
Georgia,2013,28,59
Illinois,2013,28,418
New York,2013,28,48
Pennsylvania,2013,28,61
Texas,2013,28,547
Washington,2013,28,12
Arizona,2013,29,61
California,2013,29,325
Colorado,2013,29,72
Georgia,2013,29,57
Illinois,2013,29,344
New York,2013,29,40
Pennsylvania,2013,29,41
Texas,2013,29,522
Washington,2013,29,16
Arizona,2013,30,73
California,2013,30,324
Colorado,2013,30,95
Georgia,2013,30,81
Illinois,2013,30,366
New York,2013,30,56
Pennsylvania,2013,30,40
Texas,2013,30,469
Washington,2013,30,11
Arizona,2013,31,77
California,2013,31,299
Colorado,2013,31,77
Georgia,2013,31,67
Illinois,2013,31,332
New York,2013,31,30
Pennsylvania,2013,31,48
Texas,2013,31,518
Washington,2013,31,5
Arizona,2013,32,101
California,2013,32,299
Colorado,2013,32,91
Georgia,2013,32,81
Illinois,2013,32,321
New York,2013,32,40
Pennsylvania,2013,32,51
Texas,2013,32,425
Washington,2013,32,7
Arizona,2013,33,109
California,2013,33,285
Colorado,2013,33,93
Georgia,2013,33,97
Illinois,2013,33,385
New York,2013,33,27
Pennsylvania,2013,33,53
Texas,2013,33,491
Washington,2013,33,8
Arizona,2013,34,66
California,2013,34,294
Colorado,2013,34,98
Georgia,2013,34,143
Illinois,2013,34,363
New York,2013,34,34
Pennsylvania,2013,34,41
Texas,2013,34,542
Washington,2013,34,11
Arizona,2013,35,113
California,2013,35,389
Colorado,2013,35,0
Georgia,2013,35,147
Illinois,2013,35,383
New York,2013,35,33
Pennsylvania,2013,35,44
Texas,2013,35,741
Washington,2013,35,9
Arizona,2013,36,80
California,2013,36,354
Colorado,2013,36,128
Georgia,2013,36,187
Illinois,2013,36,439
New York,2013,36,26
Pennsylvania,2013,36,51
Texas,2013,36,908
Washington,2013,36,6
Arizona,2013,37,81
California,2013,37,440
Colorado,2013,37,124
Georgia,2013,37,217
Illinois,2013,37,560
New York,2013,37,30
Pennsylvania,2013,37,89
Texas,2013,37,1129
Washington,2013,37,11
Arizona,2013,38,77
California,2013,38,451
Colorado,2013,38,125
Georgia,2013,38,239
Illinois,2013,38,578
New York,2013,38,29
Pennsylvania,2013,38,86
Texas,2013,38,1181
Washington,2013,38,11
Arizona,2013,39,82
California,2013,39,530
Colorado,2013,39,123
Georgia,2013,39,242
Illinois,2013,39,562
New York,2013,39,24
Pennsylvania,2013,39,78
Texas,2013,39,1256
Washington,2013,39,18
Arizona,2013,40,230
California,2013,40,633
Colorado,2013,40,142
Georgia,2013,40,380
Illinois,2013,40,859
New York,2013,40,88
Pennsylvania,2013,40,137
Texas,2013,40,954
Washington,2013,40,40
Arizona,2013,41,291
California,2013,41,744
Colorado,2013,41,135
Georgia,2013,41,333
Illinois,2013,41,932
New York,2013,41,81
Pennsylvania,2013,41,142
Texas,2013,41,1078
Washington,2013,41,35
Arizona,2013,42,302
California,2013,42,687
Colorado,2013,42,110
Georgia,2013,42,355
Illinois,2013,42,937
New York,2013,42,85
Pennsylvania,2013,42,120
Texas,2013,42,1087
Washington,2013,42,33
Arizona,2013,43,249
California,2013,43,744
Colorado,2013,43,171
Georgia,2013,43,418
Illinois,2013,43,1036
New York,2013,43,118
Pennsylvania,2013,43,147
Texas,2013,43,1102
Washington,2013,43,43
Arizona,2013,44,303
California,2013,44,828
Colorado,2013,44,117
Georgia,2013,44,512
Illinois,2013,44,1072
New York,2013,44,112
Pennsylvania,2013,44,143
Texas,2013,44,1118
Washington,2013,44,40
Arizona,2013,45,327
California,2013,45,977
Colorado,2013,45,154
Georgia,2013,45,557
Illinois,2013,45,1069
New York,2013,45,138
Pennsylvania,2013,45,139
Texas,2013,45,1202
Washington,2013,45,28
Arizona,2013,46,293
California,2013,46,888
Colorado,2013,46,132
Georgia,2013,46,580
Illinois,2013,46,1060
New York,2013,46,130
Pennsylvania,2013,46,141
Texas,2013,46,1649
Washington,2013,46,29
Arizona,2013,47,377
California,2013,47,868
Colorado,2013,47,169
Georgia,2013,47,742
Illinois,2013,47,1095
New York,2013,47,142
Pennsylvania,2013,47,118
Texas,2013,47,1975
Washington,2013,47,23
Arizona,2013,48,284
California,2013,48,702
Colorado,2013,48,127
Georgia,2013,48,691
Illinois,2013,48,1012
New York,2013,48,118
Pennsylvania,2013,48,85
Texas,2013,48,1576
Washington,2013,48,34
Arizona,2013,49,378
California,2013,49,970
Colorado,2013,49,276
Georgia,2013,49,913
Illinois,2013,49,1371
New York,2013,49,173
Pennsylvania,2013,49,164
Texas,2013,49,2492
Washington,2013,49,41
Arizona,2013,50,366
California,2013,50,1080
Colorado,2013,50,316
Georgia,2013,50,868
Illinois,2013,50,1337
New York,2013,50,174
Pennsylvania,2013,50,157
Texas,2013,50,2797
Washington,2013,50,47
Arizona,2013,51,496
California,2013,51,1137
Colorado,2013,51,443
Georgia,2013,51,1218
Illinois,2013,51,1627
New York,2013,51,193
Pennsylvania,2013,51,177
Texas,2013,51,4616
Washington,2013,51,48
Arizona,2013,52,381
California,2013,52,1107
Colorado,2013,52,468
Georgia,2013,52,1165
Illinois,2013,52,1920
New York,2013,52,259
Pennsylvania,2013,52,231
Texas,2013,52,3594
Washington,2013,52,51
Arizona,2014,1,470
California,2014,1,1397
Colorado,2014,1,512
Georgia,2014,1,961
Illinois,2014,1,1995
New York,2014,1,258
Pennsylvania,2014,1,222
Texas,2014,1,3415
Washington,2014,1,71
Arizona,2014,2,575
California,2014,2,1866
Colorado,2014,2,571
Georgia,2014,2,735
Illinois,2014,2,1716
New York,2014,2,278
Pennsylvania,2014,2,243
Texas,2014,2,3160
Washington,2014,2,127
Arizona,2014,3,844
California,2014,3,1903
Colorado,2014,3,488
Georgia,2014,3,637
Illinois,2014,3,1712
New York,2014,3,450
Pennsylvania,2014,3,335
Texas,2014,3,2495
Washington,2014,3,117
Arizona,2014,4,874
California,2014,4,2005
Colorado,2014,4,424
Georgia,2014,4,472
Illinois,2014,4,1538
New York,2014,4,459
Pennsylvania,2014,4,366
Texas,2014,4,2046
Washington,2014,4,117
Arizona,2014,5,906
California,2014,5,1813
Colorado,2014,5,377
Georgia,2014,5,457
Illinois,2014,5,1240
New York,2014,5,574
Pennsylvania,2014,5,352
Texas,2014,5,1920
Washington,2014,5,82
Arizona,2014,6,740
California,2014,6,1628
Colorado,2014,6,357
Georgia,2014,6,343
Illinois,2014,6,1120
New York,2014,6,586
Pennsylvania,2014,6,291
Texas,2014,6,1774
Washington,2014,6,78
Arizona,2014,7,705
California,2014,7,1357
Colorado,2014,7,292
Georgia,2014,7,205
Illinois,2014,7,1146
New York,2014,7,449
Pennsylvania,2014,7,260
Texas,2014,7,1659
Washington,2014,7,69
Arizona,2014,8,578
California,2014,8,1176
Colorado,2014,8,236
Georgia,2014,8,188
Illinois,2014,8,1182
New York,2014,8,304
Pennsylvania,2014,8,268
Texas,2014,8,1713
Washington,2014,8,67
Arizona,2014,9,581
California,2014,9,1165
Colorado,2014,9,263
Georgia,2014,9,234
Illinois,2014,9,1186
New York,2014,9,271
Pennsylvania,2014,9,247
Texas,2014,9,1677
Washington,2014,9,28
Arizona,2014,10,446
California,2014,10,1034
Colorado,2014,10,223
Georgia,2014,10,168
Illinois,2014,10,1033
New York,2014,10,296
Pennsylvania,2014,10,192
Texas,2014,10,1555
Washington,2014,10,35
Arizona,2014,11,352
California,2014,11,882
Colorado,2014,11,215
Georgia,2014,11,160
Illinois,2014,11,1101
New York,2014,11,277
Pennsylvania,2014,11,192
Texas,2014,11,1323
Washington,2014,11,29
Arizona,2014,12,356
California,2014,12,892
Colorado,2014,12,163
Georgia,2014,12,153
Illinois,2014,12,975
New York,2014,12,338
Pennsylvania,2014,12,195
Texas,2014,12,1386
Washington,2014,12,28
Arizona,2014,13,317
California,2014,13,685
Colorado,2014,13,140
Georgia,2014,13,182
Illinois,2014,13,1126
New York,2014,13,471
Pennsylvania,2014,13,192
Texas,2014,13,1338
Washington,2014,13,28
Arizona,2014,14,259
California,2014,14,672
Colorado,2014,14,144
Georgia,2014,14,167
Illinois,2014,14,1158
New York,2014,14,460
Pennsylvania,2014,14,254
Texas,2014,14,1277
Washington,2014,14,27
Arizona,2014,15,293
California,2014,15,655
Colorado,2014,15,160
Georgia,2014,15,99
Illinois,2014,15,1181
New York,2014,15,501
Pennsylvania,2014,15,216
Texas,2014,15,1343
Washington,2014,15,22
Arizona,2014,16,325
California,2014,16,611
Colorado,2014,16,144
Georgia,2014,16,106
Illinois,2014,16,1006
New York,2014,16,321
Pennsylvania,2014,16,157
Texas,2014,16,1204
Washington,2014,16,29
Arizona,2014,17,273
California,2014,17,602
Colorado,2014,17,129
Georgia,2014,17,143
Illinois,2014,17,1093
New York,2014,17,232
Pennsylvania,2014,17,134
Texas,2014,17,1128
Washington,2014,17,29
Arizona,2014,18,292
California,2014,18,562
Colorado,2014,18,146
Georgia,2014,18,105
Illinois,2014,18,956
New York,2014,18,253
Pennsylvania,2014,18,118
Texas,2014,18,963
Washington,2014,18,17
Arizona,2014,19,311
California,2014,19,551
Colorado,2014,19,3
Georgia,2014,19,95
Illinois,2014,19,1055
New York,2014,19,216
Pennsylvania,2014,19,142
Texas,2014,19,982
Washington,2014,19,25
Arizona,2014,20,286
California,2014,20,569
Colorado,2014,20,8
Georgia,2014,20,88
Illinois,2014,20,808
New York,2014,20,201
Pennsylvania,2014,20,123
Texas,2014,20,978
Washington,2014,20,15
Arizona,2014,21,263
California,2014,21,563
Colorado,2014,21,5
Georgia,2014,21,60
Illinois,2014,21,794
New York,2014,21,148
Pennsylvania,2014,21,128
Texas,2014,21,1028
Washington,2014,21,21
Arizona,2014,22,226
California,2014,22,454
Colorado,2014,22,4
Georgia,2014,22,67
Illinois,2014,22,757
New York,2014,22,90
Pennsylvania,2014,22,112
Texas,2014,22,896
Washington,2014,22,11
Arizona,2014,23,166
California,2014,23,531
Colorado,2014,23,11
Georgia,2014,23,57
Illinois,2014,23,761
New York,2014,23,116
Pennsylvania,2014,23,125
Texas,2014,23,879
Washington,2014,23,14
Arizona,2014,24,146
California,2014,24,508
Colorado,2014,24,13
Georgia,2014,24,36
Illinois,2014,24,678
New York,2014,24,144
Pennsylvania,2014,24,104
Texas,2014,24,784
Washington,2014,24,15
Arizona,2014,25,132
California,2014,25,458
Colorado,2014,25,17
Georgia,2014,25,1
Illinois,2014,25,660
New York,2014,25,126
Pennsylvania,2014,25,67
Texas,2014,25,678
Washington,2014,25,14
Arizona,2014,26,126
California,2014,26,473
Colorado,2014,26,20
Georgia,2014,26,1
Illinois,2014,26,461
New York,2014,26,96
Pennsylvania,2014,26,92
Texas,2014,26,657
Washington,2014,26,12
Arizona,2014,27,104
California,2014,27,405
Colorado,2014,27,18
Georgia,2014,27,11
Illinois,2014,27,347
New York,2014,27,90
Pennsylvania,2014,27,57
Texas,2014,27,544
Washington,2014,27,5
Arizona,2014,28,130
California,2014,28,402
Colorado,2014,28,9
Georgia,2014,28,13
Illinois,2014,28,392
New York,2014,28,69
Pennsylvania,2014,28,85
Texas,2014,28,634
Washington,2014,28,9
Arizona,2014,29,157
California,2014,29,382
Colorado,2014,29,12
Georgia,2014,29,19
Illinois,2014,29,351
New York,2014,29,84
Pennsylvania,2014,29,56
Texas,2014,29,564
Washington,2014,29,7
Arizona,2014,30,142
California,2014,30,325
Colorado,2014,30,7
Georgia,2014,30,13
Illinois,2014,30,343
New York,2014,30,69
Pennsylvania,2014,30,61
Texas,2014,30,496
Washington,2014,30,6
Arizona,2014,31,126
California,2014,31,339
Colorado,2014,31,10
Georgia,2014,31,22
Illinois,2014,31,331
New York,2014,31,83
Pennsylvania,2014,31,92
Texas,2014,31,532
Washington,2014,31,15
Arizona,2014,32,134
California,2014,32,267
Colorado,2014,32,12
Georgia,2014,32,24
Illinois,2014,32,338
New York,2014,32,60
Pennsylvania,2014,32,41
Texas,2014,32,452
Washington,2014,32,8
Arizona,2014,33,150
California,2014,33,242
Colorado,2014,33,16
Georgia,2014,33,34
Illinois,2014,33,351
New York,2014,33,58
Pennsylvania,2014,33,72
Texas,2014,33,469
Washington,2014,33,7
Arizona,2014,34,162
California,2014,34,291
Colorado,2014,34,18
Georgia,2014,34,39
Illinois,2014,34,410
New York,2014,34,50
Pennsylvania,2014,34,68
Texas,2014,34,536
Washington,2014,34,10
Arizona,2014,35,178
California,2014,35,357
Colorado,2014,35,26
Georgia,2014,35,30
Illinois,2014,35,362
New York,2014,35,66
Pennsylvania,2014,35,74
Texas,2014,35,551
Washington,2014,35,4
Arizona,2014,36,183
California,2014,36,348
Colorado,2014,36,12
Georgia,2014,36,34
Illinois,2014,36,559
New York,2014,36,36
Pennsylvania,2014,36,90
Texas,2014,36,583
Washington,2014,36,10
Arizona,2014,37,220
California,2014,37,481
Colorado,2014,37,19
Georgia,2014,37,61
Illinois,2014,37,984
New York,2014,37,91
Pennsylvania,2014,37,131
Texas,2014,37,792
Washington,2014,37,13
Arizona,2014,38,245
California,2014,38,487
Colorado,2014,38,15
Georgia,2014,38,39
Illinois,2014,38,966
New York,2014,38,126
Pennsylvania,2014,38,149
Texas,2014,38,784
Washington,2014,38,21
Arizona,2014,39,221
California,2014,39,453
Colorado,2014,39,13
Georgia,2014,39,47
Illinois,2014,39,801
New York,2014,39,108
Pennsylvania,2014,39,151
Texas,2014,39,828
Washington,2014,39,12
Arizona,2014,40,299
California,2014,40,831
Colorado,2014,40,19
Georgia,2014,40,95
Illinois,2014,40,853
New York,2014,40,124
Pennsylvania,2014,40,137
Texas,2014,40,623
Washington,2014,40,19
Arizona,2014,41,238
California,2014,41,936
Colorado,2014,41,15
Georgia,2014,41,101
Illinois,2014,41,831
New York,2014,41,110
Pennsylvania,2014,41,159
Texas,2014,41,672
Washington,2014,41,64
Arizona,2014,42,283
California,2014,42,886
Colorado,2014,42,18
Georgia,2014,42,155
Illinois,2014,42,929
New York,2014,42,138
Pennsylvania,2014,42,166
Texas,2014,42,761
Washington,2014,42,38
Arizona,2014,43,289
California,2014,43,873
Colorado,2014,43,17
Georgia,2014,43,195
Illinois,2014,43,899
New York,2014,43,160
Pennsylvania,2014,43,195
Texas,2014,43,860
Washington,2014,43,30
Arizona,2014,44,272
California,2014,44,844
Colorado,2014,44,20
Georgia,2014,44,182
Illinois,2014,44,979
New York,2014,44,178
Pennsylvania,2014,44,170
Texas,2014,44,861
Washington,2014,44,26
Arizona,2014,45,325
California,2014,45,1048
Colorado,2014,45,15
Georgia,2014,45,296
Illinois,2014,45,1109
New York,2014,45,210
Pennsylvania,2014,45,204
Texas,2014,45,885
Washington,2014,45,26
Arizona,2014,46,318
California,2014,46,858
Colorado,2014,46,15
Georgia,2014,46,402
Illinois,2014,46,1212
New York,2014,46,191
Pennsylvania,2014,46,217
Texas,2014,46,765
Washington,2014,46,34
Arizona,2014,47,325
California,2014,47,1176
Colorado,2014,47,6
Georgia,2014,47,740
Illinois,2014,47,1378
New York,2014,47,259
Pennsylvania,2014,47,223
Texas,2014,47,1556
Washington,2014,47,35
Arizona,2014,48,272
California,2014,48,840
Colorado,2014,48,10
Georgia,2014,48,590
Illinois,2014,48,1810
New York,2014,48,218
Pennsylvania,2014,48,246
Texas,2014,48,1390
Washington,2014,48,23
Arizona,2014,49,385
California,2014,49,1129
Colorado,2014,49,31
Georgia,2014,49,854
Illinois,2014,49,2687
New York,2014,49,259
Pennsylvania,2014,49,290
Texas,2014,49,2030
Washington,2014,49,47
Arizona,2014,50,425
California,2014,50,1151
Colorado,2014,50,46
Georgia,2014,50,1297
Illinois,2014,50,3463
New York,2014,50,267
Pennsylvania,2014,50,424
Texas,2014,50,2414
Washington,2014,50,58
Arizona,2014,51,446
California,2014,51,1171
Colorado,2014,51,63
Georgia,2014,51,1615
Illinois,2014,51,3569
New York,2014,51,398
Pennsylvania,2014,51,676
Texas,2014,51,2595
Washington,2014,51,80
Arizona,2014,52,313
California,2014,52,1048
Colorado,2014,52,105
Georgia,2014,52,1719
Illinois,2014,52,2308
New York,2014,52,592
Pennsylvania,2014,52,756
Texas,2014,52,1242
Washington,2014,52,47
Arizona,2014,53,424
California,2014,53,1284
Colorado,2014,53,89
Georgia,2014,53,570
Illinois,2014,53,2035
New York,2014,53,418
Pennsylvania,2014,53,625
Texas,2014,53,1684
Washington,2014,53,44
Arizona,2015,1,639
California,2015,1,1865
Colorado,2015,1,134
Georgia,2015,1,762
Illinois,2015,1,1397
New York,2015,1,370
Pennsylvania,2015,1,558
Texas,2015,1,1776
Washington,2015,1,158
Arizona,2015,2,674
California,2015,2,2065
Colorado,2015,2,100
Georgia,2015,2,480
Illinois,2015,2,1120
New York,2015,2,526
Pennsylvania,2015,2,577
Texas,2015,2,2675
Washington,2015,2,202
Arizona,2015,3,763
California,2015,3,2140
Colorado,2015,3,102
Georgia,2015,3,588
Illinois,2015,3,1158
New York,2015,3,635
Pennsylvania,2015,3,893
Texas,2015,3,2984
Washington,2015,3,156
Arizona,2015,4,858
California,2015,4,2452
Colorado,2015,4,118
Georgia,2015,4,551
Illinois,2015,4,1153
New York,2015,4,744
Pennsylvania,2015,4,774
Texas,2015,4,2652
Washington,2015,4,144
Arizona,2015,5,703
California,2015,5,2192
Colorado,2015,5,81
Georgia,2015,5,530
Illinois,2015,5,1030
New York,2015,5,700
Pennsylvania,2015,5,666
Texas,2015,5,2351
Washington,2015,5,111
Arizona,2015,6,528
California,2015,6,1774
Colorado,2015,6,67
Georgia,2015,6,500
Illinois,2015,6,1288
New York,2015,6,666
Pennsylvania,2015,6,477
Texas,2015,6,2104
Washington,2015,6,83
Arizona,2015,7,563
California,2015,7,1396
Colorado,2015,7,70
Georgia,2015,7,675
Illinois,2015,7,1232
New York,2015,7,403
Pennsylvania,2015,7,366
Texas,2015,7,1953
Washington,2015,7,39
Arizona,2015,8,532
California,2015,8,1488
Colorado,2015,8,55
Georgia,2015,8,665
Illinois,2015,8,1285
New York,2015,8,305
Pennsylvania,2015,8,331
Texas,2015,8,1580
Washington,2015,8,54
Arizona,2015,9,457
California,2015,9,1369
Colorado,2015,9,37
Georgia,2015,9,592
Illinois,2015,9,1359
New York,2015,9,278
Pennsylvania,2015,9,333
Texas,2015,9,1751
Washington,2015,9,52
Arizona,2015,10,365
California,2015,10,1472
Colorado,2015,10,43
Georgia,2015,10,422
Illinois,2015,10,1484
New York,2015,10,191
Pennsylvania,2015,10,221
Texas,2015,10,1577
Washington,2015,10,53
Arizona,2015,11,402
California,2015,11,1278
Colorado,2015,11,51
Georgia,2015,11,398
Illinois,2015,11,1562
New York,2015,11,226
Pennsylvania,2015,11,256
Texas,2015,11,1374
Washington,2015,11,37
Arizona,2015,12,336
California,2015,12,1097
Colorado,2015,12,27
Georgia,2015,12,432
Illinois,2015,12,1549
New York,2015,12,237
Pennsylvania,2015,12,261
Texas,2015,12,1362
Washington,2015,12,35
Arizona,2015,13,333
California,2015,13,1050
Colorado,2015,13,30
Georgia,2015,13,367
Illinois,2015,13,1547
New York,2015,13,244
Pennsylvania,2015,13,225
Texas,2015,13,1182
Washington,2015,13,39
Arizona,2015,14,280
California,2015,14,950
Colorado,2015,14,18
Georgia,2015,14,297
Illinois,2015,14,1358
New York,2015,14,199
Pennsylvania,2015,14,224
Texas,2015,14,1024
Washington,2015,14,19
Arizona,2015,15,316
California,2015,15,906
Colorado,2015,15,29
Georgia,2015,15,255
Illinois,2015,15,1142
New York,2015,15,184
Pennsylvania,2015,15,219
Texas,2015,15,1051
Washington,2015,15,33
Arizona,2015,16,250
California,2015,16,858
Colorado,2015,16,19
Georgia,2015,16,129
Illinois,2015,16,922
New York,2015,16,150
Pennsylvania,2015,16,193
Texas,2015,16,654
Washington,2015,16,33
Arizona,2015,17,320
California,2015,17,912
Colorado,2015,17,22
Georgia,2015,17,216
Illinois,2015,17,937
New York,2015,17,155
Pennsylvania,2015,17,207
Texas,2015,17,1000
Washington,2015,17,22
Arizona,2015,18,247
California,2015,18,910
Colorado,2015,18,21
Georgia,2015,18,225
Illinois,2015,18,878
New York,2015,18,185
Pennsylvania,2015,18,177
Texas,2015,18,895
Washington,2015,18,20
Arizona,2015,19,231
California,2015,19,905
Colorado,2015,19,17
Georgia,2015,19,293
Illinois,2015,19,752
New York,2015,19,113
Pennsylvania,2015,19,132
Texas,2015,19,821
Washington,2015,19,28
Arizona,2015,20,203
California,2015,20,768
Colorado,2015,20,8
Georgia,2015,20,332
Illinois,2015,20,742
New York,2015,20,101
Pennsylvania,2015,20,117
Texas,2015,20,838
Washington,2015,20,4
Arizona,2015,21,148
California,2015,21,643
Colorado,2015,21,6
Georgia,2015,21,291
Illinois,2015,21,562
New York,2015,21,93
Pennsylvania,2015,21,131
Texas,2015,21,620
Washington,2015,21,15
Arizona,2015,22,175
California,2015,22,680
Colorado,2015,22,8
Georgia,2015,22,217
Illinois,2015,22,558
New York,2015,22,107
Pennsylvania,2015,22,103
Texas,2015,22,490
Washington,2015,22,22
Arizona,2015,23,184
California,2015,23,576
Colorado,2015,23,9
Georgia,2015,23,185
Illinois,2015,23,521
New York,2015,23,73
Pennsylvania,2015,23,114
Texas,2015,23,546
Washington,2015,23,14
Arizona,2015,24,161
California,2015,24,507
Colorado,2015,24,7
Georgia,2015,24,117
Illinois,2015,24,435
New York,2015,24,26
Pennsylvania,2015,24,88
Texas,2015,24,513
Washington,2015,24,12
Arizona,2015,25,115
California,2015,25,459
Colorado,2015,25,11
Georgia,2015,25,129
Illinois,2015,25,548
New York,2015,25,49
Pennsylvania,2015,25,88
Texas,2015,25,450
Washington,2015,25,10
Arizona,2015,26,119
California,2015,26,393
Colorado,2015,26,8
Georgia,2015,26,136
Illinois,2015,26,448
New York,2015,26,60
Pennsylvania,2015,26,88
Texas,2015,26,414
Washington,2015,26,9
Arizona,2015,27,118
California,2015,27,420
Colorado,2015,27,9
Georgia,2015,27,132
Illinois,2015,27,435
New York,2015,27,71
Pennsylvania,2015,27,112
Texas,2015,27,383
Washington,2015,27,12
Arizona,2015,28,125
California,2015,28,339
Colorado,2015,28,8
Georgia,2015,28,117
Illinois,2015,28,437
New York,2015,28,69
Pennsylvania,2015,28,83
Texas,2015,28,371
Washington,2015,28,10
Arizona,2015,29,114
California,2015,29,293
Colorado,2015,29,13
Georgia,2015,29,114
Illinois,2015,29,415
New York,2015,29,50
Pennsylvania,2015,29,84
Texas,2015,29,388
Washington,2015,29,0
Arizona,2015,30,131
California,2015,30,282
Colorado,2015,30,18
Georgia,2015,30,136
Illinois,2015,30,432
New York,2015,30,71
Pennsylvania,2015,30,68
Texas,2015,30,265
Washington,2015,30,6
Arizona,2015,31,118
California,2015,31,283
Colorado,2015,31,11
Georgia,2015,31,119
Illinois,2015,31,438
New York,2015,31,81
Pennsylvania,2015,31,93
Texas,2015,31,353
Washington,2015,31,4
Arizona,2015,32,109
California,2015,32,351
Colorado,2015,32,10
Georgia,2015,32,183
Illinois,2015,32,412
New York,2015,32,80
Pennsylvania,2015,32,65
Texas,2015,32,355
Washington,2015,32,5
Arizona,2015,33,193
California,2015,33,350
Colorado,2015,33,14
Georgia,2015,33,248
Illinois,2015,33,384
New York,2015,33,52
Pennsylvania,2015,33,84
Texas,2015,33,542
Washington,2015,33,7
Arizona,2015,34,190
California,2015,34,431
Colorado,2015,34,22
Georgia,2015,34,302
Illinois,2015,34,450
New York,2015,34,88
Pennsylvania,2015,34,88
Texas,2015,34,402
Washington,2015,34,6
Arizona,2015,35,158
California,2015,35,419
Colorado,2015,35,14
Georgia,2015,35,321
Illinois,2015,35,428
New York,2015,35,50
Pennsylvania,2015,35,119
Texas,2015,35,531
Washington,2015,35,10
Arizona,2015,36,133
California,2015,36,218
Colorado,2015,36,10
Georgia,2015,36,371
Illinois,2015,36,500
New York,2015,36,41
Pennsylvania,2015,36,110
Texas,2015,36,578
Washington,2015,36,5
Arizona,2015,37,202
California,2015,37,471
Colorado,2015,37,15
Georgia,2015,37,334
Illinois,2015,37,643
New York,2015,37,84
Pennsylvania,2015,37,157
Texas,2015,37,641
Washington,2015,37,15
Arizona,2015,38,225
California,2015,38,463
Colorado,2015,38,21
Georgia,2015,38,357
Illinois,2015,38,609
New York,2015,38,71
Pennsylvania,2015,38,143
Texas,2015,38,710
Washington,2015,38,14
Arizona,2015,39,169
California,2015,39,348
Colorado,2015,39,13
Georgia,2015,39,431
Illinois,2015,39,542
New York,2015,39,23
Pennsylvania,2015,39,112
Texas,2015,39,775
Washington,2015,39,30
Arizona,2015,40,290
California,2015,40,558
Colorado,2015,40,17
Georgia,2015,40,385
Illinois,2015,40,833
New York,2015,40,70
Pennsylvania,2015,40,203
Texas,2015,40,1016
Washington,2015,40,32
Arizona,2015,41,360
California,2015,41,653
Colorado,2015,41,23
Georgia,2015,41,360
Illinois,2015,41,908
New York,2015,41,62
Pennsylvania,2015,41,228
Texas,2015,41,1084
Washington,2015,41,40
Arizona,2015,42,396
California,2015,42,677
Colorado,2015,42,19
Georgia,2015,42,318
Illinois,2015,42,806
New York,2015,42,115
Pennsylvania,2015,42,230
Texas,2015,42,1162
Washington,2015,42,21
Arizona,2015,43,404
California,2015,43,715
Colorado,2015,43,18
Georgia,2015,43,257
Illinois,2015,43,842
New York,2015,43,107
Pennsylvania,2015,43,222
Texas,2015,43,1152
Washington,2015,43,55
Arizona,2015,44,415
California,2015,44,800
Colorado,2015,44,11
Georgia,2015,44,370
Illinois,2015,44,920
New York,2015,44,89
Pennsylvania,2015,44,246
Texas,2015,44,1143
Washington,2015,44,24
Arizona,2015,45,438
California,2015,45,782
Colorado,2015,45,15
Georgia,2015,45,344
Illinois,2015,45,1020
New York,2015,45,97
Pennsylvania,2015,45,248
Texas,2015,45,1214
Washington,2015,45,21
Arizona,2015,46,496
California,2015,46,996
Colorado,2015,46,21
Georgia,2015,46,431
Illinois,2015,46,978
New York,2015,46,159
Pennsylvania,2015,46,240
Texas,2015,46,1266
Washington,2015,46,22
Arizona,2015,47,348
California,2015,47,687
Colorado,2015,47,15
Georgia,2015,47,326
Illinois,2015,47,830
New York,2015,47,78
Pennsylvania,2015,47,214
Texas,2015,47,1071
Washington,2015,47,7
Arizona,2015,48,566
California,2015,48,936
Colorado,2015,48,18
Georgia,2015,48,367
Illinois,2015,48,1057
New York,2015,48,141
Pennsylvania,2015,48,251
Texas,2015,48,1411
Washington,2015,48,15
Arizona,2015,49,503
California,2015,49,938
Colorado,2015,49,32
Georgia,2015,49,406
Illinois,2015,49,1119
New York,2015,49,178
Pennsylvania,2015,49,284
Texas,2015,49,1320
Washington,2015,49,27
Arizona,2015,50,472
California,2015,50,856
Colorado,2015,50,18
Georgia,2015,50,729
Illinois,2015,50,1008
New York,2015,50,129
Pennsylvania,2015,50,298
Texas,2015,50,1391
Washington,2015,50,19
Arizona,2015,51,485
California,2015,51,723
Colorado,2015,51,27
Georgia,2015,51,756
Illinois,2015,51,1041
New York,2015,51,126
Pennsylvania,2015,51,207
Texas,2015,51,1110
Washington,2015,51,13
Arizona,2015,52,395
California,2015,52,806
Colorado,2015,52,23
Georgia,2015,52,687
Illinois,2015,52,1034
New York,2015,52,99
Pennsylvania,2015,52,288
Texas,2015,52,1274
Washington,2015,52,20
Arizona,2016,1,644
California,2016,1,1077
Colorado,2016,1,37
Georgia,2016,1,587
Illinois,2016,1,1178
New York,2016,1,92
Pennsylvania,2016,1,295
Texas,2016,1,1282
Washington,2016,1,25
Arizona,2016,2,678
California,2016,2,1043
Colorado,2016,2,34
Georgia,2016,2,537
Illinois,2016,2,1217
New York,2016,2,205
Pennsylvania,2016,2,288
Texas,2016,2,1164
Washington,2016,2,38
Arizona,2016,3,666
California,2016,3,1097
Colorado,2016,3,34
Georgia,2016,3,625
Illinois,2016,3,1238
New York,2016,3,155
Pennsylvania,2016,3,294
Texas,2016,3,1318
Washington,2016,3,49
Arizona,2016,4,778
California,2016,4,1347
Colorado,2016,4,35
Georgia,2016,4,623
Illinois,2016,4,1402
New York,2016,4,167
Pennsylvania,2016,4,385
Texas,2016,4,1551
Washington,2016,4,56
Arizona,2016,5,892
California,2016,5,1600
Colorado,2016,5,35
Georgia,2016,5,682
Illinois,2016,5,1551
New York,2016,5,191
Pennsylvania,2016,5,389
Texas,2016,5,1512
Washington,2016,5,76
Arizona,2016,6,1297
California,2016,6,1882
Colorado,2016,6,52
Georgia,2016,6,716
Illinois,2016,6,1699
New York,2016,6,273
Pennsylvania,2016,6,368
Texas,2016,6,1816
Washington,2016,6,93
Arizona,2016,7,1181
California,2016,7,1893
Colorado,2016,7,56
Georgia,2016,7,928
Illinois,2016,7,2003
New York,2016,7,172
Pennsylvania,2016,7,294
Texas,2016,7,2035
Washington,2016,7,120
Arizona,2016,8,1181
California,2016,8,1859
Colorado,2016,8,66
Georgia,2016,8,1045
Illinois,2016,8,1989
New York,2016,8,288
Pennsylvania,2016,8,438
Texas,2016,8,1147
Washington,2016,8,127
Arizona,2016,9,1251
California,2016,9,1804
Colorado,2016,9,63
Georgia,2016,9,1141
Illinois,2016,9,2162
New York,2016,9,357
Pennsylvania,2016,9,484
Texas,2016,9,1203
Washington,2016,9,87
Arizona,2016,10,819
California,2016,10,1636
Colorado,2016,10,67
Georgia,2016,10,1323
Illinois,2016,10,2093
New York,2016,10,366
Pennsylvania,2016,10,519
Texas,2016,10,941
Washington,2016,10,75
Arizona,2016,11,813
California,2016,11,1293
Colorado,2016,11,64
Georgia,2016,11,993
Illinois,2016,11,1642
New York,2016,11,346
Pennsylvania,2016,11,458
Texas,2016,11,749
Washington,2016,11,44
Arizona,2016,12,731
California,2016,12,1201
Colorado,2016,12,62
Georgia,2016,12,1101
Illinois,2016,12,1335
New York,2016,12,278
Pennsylvania,2016,12,463
Texas,2016,12,777
Washington,2016,12,71
Arizona,2016,13,528
California,2016,13,1053
Colorado,2016,13,43
Georgia,2016,13,1068
Illinois,2016,13,1246
New York,2016,13,113
Pennsylvania,2016,13,361
Texas,2016,13,760
Washington,2016,13,66
Arizona,2016,14,611
California,2016,14,938
Colorado,2016,14,43
Georgia,2016,14,873
Illinois,2016,14,1029
New York,2016,14,97
Pennsylvania,2016,14,283
Texas,2016,14,569
Washington,2016,14,57
Arizona,2016,15,594
California,2016,15,855
Colorado,2016,15,42
Georgia,2016,15,770
Illinois,2016,15,955
New York,2016,15,118
Pennsylvania,2016,15,288
Texas,2016,15,789
Washington,2016,15,42
Arizona,2016,16,581
California,2016,16,710
Colorado,2016,16,40
Georgia,2016,16,498
Illinois,2016,16,894
New York,2016,16,79
Pennsylvania,2016,16,306
Texas,2016,16,846
Washington,2016,16,22
Arizona,2016,17,476
California,2016,17,711
Colorado,2016,17,37
Georgia,2016,17,685
Illinois,2016,17,800
New York,2016,17,68
Pennsylvania,2016,17,305
Texas,2016,17,747
Washington,2016,17,31
Arizona,2016,18,387
California,2016,18,726
Colorado,2016,18,22
Georgia,2016,18,646
Illinois,2016,18,664
New York,2016,18,55
Pennsylvania,2016,18,214
Texas,2016,18,617
Washington,2016,18,20
Arizona,2016,19,362
California,2016,19,586
Colorado,2016,19,25
Georgia,2016,19,642
Illinois,2016,19,699
New York,2016,19,31
Pennsylvania,2016,19,172
Texas,2016,19,472
Washington,2016,19,16
Arizona,2016,20,363
California,2016,20,527
Colorado,2016,20,22
Georgia,2016,20,669
Illinois,2016,20,636
New York,2016,20,23
Pennsylvania,2016,20,155
Texas,2016,20,459
Washington,2016,20,15
Arizona,2016,21,299
California,2016,21,515
Colorado,2016,21,16
Georgia,2016,21,628
Illinois,2016,21,540
New York,2016,21,8
Pennsylvania,2016,21,144
Texas,2016,21,518
Washington,2016,21,8
Arizona,2016,22,238
California,2016,22,417
Colorado,2016,22,9
Georgia,2016,22,556
Illinois,2016,22,513
New York,2016,22,0
Pennsylvania,2016,22,136
Texas,2016,22,395
Washington,2016,22,8
Arizona,2016,23,302
California,2016,23,440
Colorado,2016,23,19
Georgia,2016,23,448
Illinois,2016,23,395
New York,2016,23,0
Pennsylvania,2016,23,123
Texas,2016,23,276
Washington,2016,23,13
Arizona,2016,24,313
California,2016,24,395
Colorado,2016,24,18
Georgia,2016,24,436
Illinois,2016,24,310
New York,2016,24,2
Pennsylvania,2016,24,95
Texas,2016,24,362
Washington,2016,24,8
Arizona,2016,25,159
California,2016,25,376
Colorado,2016,25,12
Georgia,2016,25,338
Illinois,2016,25,346
New York,2016,25,1
Pennsylvania,2016,25,102
Texas,2016,25,316
Washington,2016,25,6
Arizona,2016,26,165
California,2016,26,381
Colorado,2016,26,10
Georgia,2016,26,340
Illinois,2016,26,355
New York,2016,26,1
Pennsylvania,2016,26,99
Texas,2016,26,297
Washington,2016,26,5
Arizona,2016,27,139
California,2016,27,299
Colorado,2016,27,8
Georgia,2016,27,369
Illinois,2016,27,289
New York,2016,27,0
Pennsylvania,2016,27,71
Texas,2016,27,248
Washington,2016,27,6
Arizona,2016,28,147
California,2016,28,324
Colorado,2016,28,10
Georgia,2016,28,301
Illinois,2016,28,317
New York,2016,28,2
Pennsylvania,2016,28,79
Texas,2016,28,189
Washington,2016,28,7
Arizona,2016,29,160
California,2016,29,269
Colorado,2016,29,12
Georgia,2016,29,269
Illinois,2016,29,307
New York,2016,29,0
Pennsylvania,2016,29,86
Texas,2016,29,239
Washington,2016,29,5
Arizona,2016,30,137
California,2016,30,262
Colorado,2016,30,7
Georgia,2016,30,276
Illinois,2016,30,295
New York,2016,30,0
Pennsylvania,2016,30,83
Texas,2016,30,261
Washington,2016,30,6
Arizona,2016,31,150
California,2016,31,246
Colorado,2016,31,9
Georgia,2016,31,271
Illinois,2016,31,267
New York,2016,31,2
Pennsylvania,2016,31,76
Texas,2016,31,216
Washington,2016,31,3
Arizona,2016,32,58
California,2016,32,267
Colorado,2016,32,10
Georgia,2016,32,419
Illinois,2016,32,263
New York,2016,32,0
Pennsylvania,2016,32,87
Texas,2016,32,209
Washington,2016,32,3
Arizona,2016,33,80
California,2016,33,310
Colorado,2016,33,9
Georgia,2016,33,580
Illinois,2016,33,275
New York,2016,33,3
Pennsylvania,2016,33,74
Texas,2016,33,224
Washington,2016,33,4
Arizona,2016,34,97
California,2016,34,342
Colorado,2016,34,16
Georgia,2016,34,668
Illinois,2016,34,327
New York,2016,34,1
Pennsylvania,2016,34,80
Texas,2016,34,336
Washington,2016,34,5
Arizona,2016,35,100
California,2016,35,447
Colorado,2016,35,53
Georgia,2016,35,618
Illinois,2016,35,315
New York,2016,35,0
Pennsylvania,2016,35,141
Texas,2016,35,423
Washington,2016,35,2
Arizona,2016,36,65
California,2016,36,398
Colorado,2016,36,21
Georgia,2016,36,597
Illinois,2016,36,396
New York,2016,36,3
Pennsylvania,2016,36,112
Texas,2016,36,534
Washington,2016,36,4
Arizona,2016,37,74
California,2016,37,604
Colorado,2016,37,40
Georgia,2016,37,638
Illinois,2016,37,516
New York,2016,37,9
Pennsylvania,2016,37,93
Texas,2016,37,509
Washington,2016,37,6
Arizona,2016,38,84
California,2016,38,624
Colorado,2016,38,31
Georgia,2016,38,709
Illinois,2016,38,497
New York,2016,38,2
Pennsylvania,2016,38,107
Texas,2016,38,367
Washington,2016,38,7
Arizona,2016,39,105
California,2016,39,636
Colorado,2016,39,32
Georgia,2016,39,649
Illinois,2016,39,623
New York,2016,39,8
Pennsylvania,2016,39,127
Texas,2016,39,400
Washington,2016,39,7
Arizona,2016,40,309
California,2016,40,668
Colorado,2016,40,22
Georgia,2016,40,903
Illinois,2016,40,640
New York,2016,40,115
Pennsylvania,2016,40,141
Texas,2016,40,654
Washington,2016,40,18
Arizona,2016,41,262
California,2016,41,760
Colorado,2016,41,44
Georgia,2016,41,1065
Illinois,2016,41,571
New York,2016,41,141
Pennsylvania,2016,41,121
Texas,2016,41,571
Washington,2016,41,15
Arizona,2016,42,321
California,2016,42,812
Colorado,2016,42,43
Georgia,2016,42,1114
Illinois,2016,42,743
New York,2016,42,175
Pennsylvania,2016,42,150
Texas,2016,42,541
Washington,2016,42,20
Arizona,2016,43,303
California,2016,43,833
Colorado,2016,43,37
Georgia,2016,43,1105
Illinois,2016,43,742
New York,2016,43,146
Pennsylvania,2016,43,142
Texas,2016,43,589
Washington,2016,43,23
Arizona,2016,44,265
California,2016,44,849
Colorado,2016,44,15
Georgia,2016,44,1334
Illinois,2016,44,804
New York,2016,44,148
Pennsylvania,2016,44,177
Texas,2016,44,581
Washington,2016,44,19
Arizona,2016,45,245
California,2016,45,942
Colorado,2016,45,28
Georgia,2016,45,1434
Illinois,2016,45,827
New York,2016,45,194
Pennsylvania,2016,45,187
Texas,2016,45,607
Washington,2016,45,21
Arizona,2016,46,389
California,2016,46,993
Colorado,2016,46,41
Georgia,2016,46,1440
Illinois,2016,46,899
New York,2016,46,182
Pennsylvania,2016,46,186
Texas,2016,46,673
Washington,2016,46,28
Arizona,2016,47,218
California,2016,47,865
Colorado,2016,47,17
Georgia,2016,47,1505
Illinois,2016,47,744
New York,2016,47,194
Pennsylvania,2016,47,139
Texas,2016,47,550
Washington,2016,47,21
Arizona,2016,48,333
California,2016,48,1091
Colorado,2016,48,67
Georgia,2016,48,1538
Illinois,2016,48,860
New York,2016,48,261
Pennsylvania,2016,48,173
Texas,2016,48,696
Washington,2016,48,30
Arizona,2016,49,396
California,2016,49,1114
Colorado,2016,49,49
Georgia,2016,49,1486
Illinois,2016,49,894
New York,2016,49,223
Pennsylvania,2016,49,208
Texas,2016,49,816
Washington,2016,49,23
Arizona,2016,50,550
California,2016,50,1190
Colorado,2016,50,53
Georgia,2016,50,1544
Illinois,2016,50,943
New York,2016,50,208
Pennsylvania,2016,50,234
Texas,2016,50,887
Washington,2016,50,58
Arizona,2016,51,591
California,2016,51,1233
Colorado,2016,51,66
Georgia,2016,51,1928
Illinois,2016,51,978
New York,2016,51,389
Pennsylvania,2016,51,215
Texas,2016,51,951
Washington,2016,51,73
Arizona,2016,52,479
California,2016,52,1419
Colorado,2016,52,2
Georgia,2016,52,2084
Illinois,2016,52,1234
New York,2016,52,537
Pennsylvania,2016,52,298
Texas,2016,52,960
Washington,2016,52,91
Arizona,2017,1,540
California,2017,1,1559
Colorado,2017,1,65
Georgia,2017,1,1982
Illinois,2017,1,1267
New York,2017,1,584
Pennsylvania,2017,1,351
Texas,2017,1,1076
Washington,2017,1,97
Arizona,2017,2,585
California,2017,2,1490
Colorado,2017,2,55
Georgia,2017,2,1923
Illinois,2017,2,1350
New York,2017,2,736
Pennsylvania,2017,2,358
Texas,2017,2,1450
Washington,2017,2,113
Arizona,2017,3,567
California,2017,3,1441
Colorado,2017,3,79
Georgia,2017,3,2379
Illinois,2017,3,1443
New York,2017,3,913
Pennsylvania,2017,3,465
Texas,2017,3,1563
Washington,2017,3,186
Arizona,2017,4,569
California,2017,4,1700
Colorado,2017,4,70
Georgia,2017,4,2370
Illinois,2017,4,1640
New York,2017,4,1174
Pennsylvania,2017,4,535
Texas,2017,4,1868
Washington,2017,4,130
Arizona,2017,5,647
California,2017,5,1667
Colorado,2017,5,83
Georgia,2017,5,2666
Illinois,2017,5,1810
New York,2017,5,1431
Pennsylvania,2017,5,655
Texas,2017,5,2774
Washington,2017,5,101
Arizona,2017,6,670
California,2017,6,1395
Colorado,2017,6,73
Georgia,2017,6,3038
Illinois,2017,6,2297
New York,2017,6,1466
Pennsylvania,2017,6,735
Texas,2017,6,3508
Washington,2017,6,47
Arizona,2017,7,549
California,2017,7,1245
Colorado,2017,7,8
Georgia,2017,7,3221
Illinois,2017,7,2435
New York,2017,7,1153
Pennsylvania,2017,7,698
Texas,2017,7,2592
Washington,2017,7,41
Arizona,2017,8,564
California,2017,8,1080
Colorado,2017,8,49
Georgia,2017,8,3464
Illinois,2017,8,2284
New York,2017,8,811
Pennsylvania,2017,8,559
Texas,2017,8,2635
Washington,2017,8,34
Arizona,2017,9,668
California,2017,9,1082
Colorado,2017,9,60
Georgia,2017,9,2479
Illinois,2017,9,1743
New York,2017,9,407
Pennsylvania,2017,9,374
Texas,2017,9,2256
Washington,2017,9,35
Arizona,2017,10,604
California,2017,10,1091
Colorado,2017,10,56
Georgia,2017,10,2487
Illinois,2017,10,1759
New York,2017,10,419
Pennsylvania,2017,10,301
Texas,2017,10,2107
Washington,2017,10,20
Arizona,2017,11,506
California,2017,11,1155
Colorado,2017,11,45
Georgia,2017,11,2683
Illinois,2017,11,1450
New York,2017,11,383
Pennsylvania,2017,11,299
Texas,2017,11,1403
Washington,2017,11,26
Arizona,2017,12,559
California,2017,12,925
Colorado,2017,12,60
Georgia,2017,12,3146
Illinois,2017,12,1440
New York,2017,12,505
Pennsylvania,2017,12,259
Texas,2017,12,1258
Washington,2017,12,22
Arizona,2017,13,542
California,2017,13,845
Colorado,2017,13,53
Georgia,2017,13,2505
Illinois,2017,13,1348
New York,2017,13,568
Pennsylvania,2017,13,309
Texas,2017,13,1065
Washington,2017,13,32
Arizona,2017,14,488
California,2017,14,809
Colorado,2017,14,45
Georgia,2017,14,1503
Illinois,2017,14,1169
New York,2017,14,584
Pennsylvania,2017,14,245
Texas,2017,14,906
Washington,2017,14,16
Arizona,2017,15,380
California,2017,15,746
Colorado,2017,15,37
Georgia,2017,15,1147
Illinois,2017,15,764
New York,2017,15,343
Pennsylvania,2017,15,209
Texas,2017,15,835
Washington,2017,15,16
Arizona,2017,16,462
California,2017,16,776
Colorado,2017,16,43
Georgia,2017,16,1027
Illinois,2017,16,676
New York,2017,16,209
Pennsylvania,2017,16,191
Texas,2017,16,665
Washington,2017,16,15
Arizona,2017,17,420
California,2017,17,797
Colorado,2017,17,53
Georgia,2017,17,905
Illinois,2017,17,681
New York,2017,17,217
Pennsylvania,2017,17,161
Texas,2017,17,755
Washington,2017,17,16
Arizona,2017,18,487
California,2017,18,660
Colorado,2017,18,39
Georgia,2017,18,929
Illinois,2017,18,617
New York,2017,18,221
Pennsylvania,2017,18,148
Texas,2017,18,665
Washington,2017,18,12
Arizona,2017,19,342
California,2017,19,629
Colorado,2017,19,23
Georgia,2017,19,862
Illinois,2017,19,715
New York,2017,19,163
Pennsylvania,2017,19,94
Texas,2017,19,419
Washington,2017,19,14
Arizona,2017,20,444
California,2017,20,640
Colorado,2017,20,39
Georgia,2017,20,804
Illinois,2017,20,576
New York,2017,20,154
Pennsylvania,2017,20,101
Texas,2017,20,552
Washington,2017,20,15
Arizona,2017,21,436
California,2017,21,551
Colorado,2017,21,44
Georgia,2017,21,749
Illinois,2017,21,485
New York,2017,21,143
Pennsylvania,2017,21,69
Texas,2017,21,471
Washington,2017,21,9
Arizona,2017,22,314
California,2017,22,449
Colorado,2017,22,2
Georgia,2017,22,608
Illinois,2017,22,417
New York,2017,22,101
Pennsylvania,2017,22,73
Texas,2017,22,360
Washington,2017,22,13
Arizona,2017,23,318
California,2017,23,608
Colorado,2017,23,17
Georgia,2017,23,547
Illinois,2017,23,404
New York,2017,23,106
Pennsylvania,2017,23,75
Texas,2017,23,385
Washington,2017,23,3
Arizona,2017,24,261
California,2017,24,470
Colorado,2017,24,0
Georgia,2017,24,554
Illinois,2017,24,339
New York,2017,24,104
Pennsylvania,2017,24,58
Texas,2017,24,329
Washington,2017,24,9
Arizona,2017,25,158
California,2017,25,463
Colorado,2017,25,20
Georgia,2017,25,467
Illinois,2017,25,328
New York,2017,25,100
Pennsylvania,2017,25,52
Texas,2017,25,302
Washington,2017,25,4
Arizona,2017,26,230
California,2017,26,470
Colorado,2017,26,18
Georgia,2017,26,438
Illinois,2017,26,293
New York,2017,26,83
Pennsylvania,2017,26,36
Texas,2017,26,252
Washington,2017,26,5
Arizona,2017,27,162
California,2017,27,369
Colorado,2017,27,9
Georgia,2017,27,470
Illinois,2017,27,226
New York,2017,27,74
Pennsylvania,2017,27,44
Texas,2017,27,256
Washington,2017,27,4
Arizona,2017,28,208
California,2017,28,366
Colorado,2017,28,13
Georgia,2017,28,398
Illinois,2017,28,276
New York,2017,28,59
Pennsylvania,2017,28,37
Texas,2017,28,238
Washington,2017,28,3
Arizona,2017,29,211
California,2017,29,397
Colorado,2017,29,7
Georgia,2017,29,322
Illinois,2017,29,238
New York,2017,29,74
Pennsylvania,2017,29,52
Texas,2017,29,182
Washington,2017,29,5
Arizona,2017,30,218
California,2017,30,342
Colorado,2017,30,5
Georgia,2017,30,343
Illinois,2017,30,242
New York,2017,30,66
Pennsylvania,2017,30,45
Texas,2017,30,264
Washington,2017,30,4
Arizona,2017,31,231
California,2017,31,307
Colorado,2017,31,16
Georgia,2017,31,372
Illinois,2017,31,256
New York,2017,31,67
Pennsylvania,2017,31,69
Texas,2017,31,260
Washington,2017,31,10
Arizona,2017,32,175
California,2017,32,337
Colorado,2017,32,19
Georgia,2017,32,484
Illinois,2017,32,249
New York,2017,32,71
Pennsylvania,2017,32,36
Texas,2017,32,214
Washington,2017,32,4
Arizona,2017,33,242
California,2017,33,340
Colorado,2017,33,15
Georgia,2017,33,687
Illinois,2017,33,273
New York,2017,33,74
Pennsylvania,2017,33,41
Texas,2017,33,206
Washington,2017,33,4
Arizona,2017,34,476
California,2017,34,439
Colorado,2017,34,21
Georgia,2017,34,767
Illinois,2017,34,263
New York,2017,34,86
Pennsylvania,2017,34,46
Texas,2017,34,347
Washington,2017,34,8
Arizona,2017,35,391
California,2017,35,506
Colorado,2017,35,37
Georgia,2017,35,809
Illinois,2017,35,299
New York,2017,35,83
Pennsylvania,2017,35,60
Texas,2017,35,331
Washington,2017,35,13
Arizona,2017,36,225
California,2017,36,490
Colorado,2017,36,36
Georgia,2017,36,822
Illinois,2017,36,354
New York,2017,36,79
Pennsylvania,2017,36,60
Texas,2017,36,371
Washington,2017,36,16
Arizona,2017,37,334
California,2017,37,652
Colorado,2017,37,145
Georgia,2017,37,784
Illinois,2017,37,476
New York,2017,37,88
Pennsylvania,2017,37,75
Texas,2017,37,477
Washington,2017,37,16
Arizona,2017,38,212
California,2017,38,621
Colorado,2017,38,103
Georgia,2017,38,790
Illinois,2017,38,469
New York,2017,38,102
Pennsylvania,2017,38,82
Texas,2017,38,448
Washington,2017,38,19
Arizona,2017,39,152
California,2017,39,659
Colorado,2017,39,192
Georgia,2017,39,882
Illinois,2017,39,473
New York,2017,39,122
Pennsylvania,2017,39,92
Texas,2017,39,494
Washington,2017,39,14
Arizona,2017,40,406
California,2017,40,852
Colorado,2017,40,129
Georgia,2017,40,850
Illinois,2017,40,571
New York,2017,40,147
Pennsylvania,2017,40,611
Texas,2017,40,642
Washington,2017,40,12
Arizona,2017,41,373
California,2017,41,733
Colorado,2017,41,142
Georgia,2017,41,982
Illinois,2017,41,583
New York,2017,41,133
Pennsylvania,2017,41,534
Texas,2017,41,654
Washington,2017,41,28
Arizona,2017,42,374
California,2017,42,823
Colorado,2017,42,158
Georgia,2017,42,1022
Illinois,2017,42,485
New York,2017,42,187
Pennsylvania,2017,42,587
Texas,2017,42,641
Washington,2017,42,44
Arizona,2017,43,408
California,2017,43,906
Colorado,2017,43,145
Georgia,2017,43,1165
Illinois,2017,43,535
New York,2017,43,198
Pennsylvania,2017,43,557
Texas,2017,43,710
Washington,2017,43,17
Arizona,2017,44,471
California,2017,44,948
Colorado,2017,44,191
Georgia,2017,44,1208
Illinois,2017,44,549
New York,2017,44,204
Pennsylvania,2017,44,664
Texas,2017,44,774
Washington,2017,44,49
Arizona,2017,45,317
California,2017,45,950
Colorado,2017,45,220
Georgia,2017,45,1466
Illinois,2017,45,633
New York,2017,45,232
Pennsylvania,2017,45,764
Texas,2017,45,1109
Washington,2017,45,55
Arizona,2017,46,451
California,2017,46,1024
Colorado,2017,46,256
Georgia,2017,46,1541
Illinois,2017,46,610
New York,2017,46,239
Pennsylvania,2017,46,810
Texas,2017,46,1365
Washington,2017,46,43
Arizona,2017,47,215
California,2017,47,817
Colorado,2017,47,227
Georgia,2017,47,1624
Illinois,2017,47,545
New York,2017,47,195
Pennsylvania,2017,47,718
Texas,2017,47,1023
Washington,2017,47,56
Arizona,2017,48,615
California,2017,48,988
Colorado,2017,48,336
Georgia,2017,48,1650
Illinois,2017,48,906
New York,2017,48,277
Pennsylvania,2017,48,888
Texas,2017,48,1541
Washington,2017,48,70
Arizona,2017,49,449
California,2017,49,1236
Colorado,2017,49,379
Georgia,2017,49,1568
Illinois,2017,49,957
New York,2017,49,334
Pennsylvania,2017,49,826
Texas,2017,49,1678
Washington,2017,49,20
Arizona,2017,50,866
California,2017,50,1671
Colorado,2017,50,436
Georgia,2017,50,1683
Illinois,2017,50,1397
New York,2017,50,349
Pennsylvania,2017,50,852
Texas,2017,50,2764
Washington,2017,50,25
Arizona,2017,51,973
California,2017,51,2069
Colorado,2017,51,546
Georgia,2017,51,2199
Illinois,2017,51,1956
New York,2017,51,445
Pennsylvania,2017,51,1016
Texas,2017,51,3938
Washington,2017,51,39
Arizona,2017,52,1078
California,2017,52,2512
Colorado,2017,52,469
Georgia,2017,52,2412
Illinois,2017,52,2524
New York,2017,52,366
Pennsylvania,2017,52,1334
Texas,2017,52,1830
Washington,2017,52,257
Arizona,2018,1,1249
California,2018,1,2310
Colorado,2018,1,553
Georgia,2018,1,3067
Illinois,2018,1,2495
New York,2018,1,340
Pennsylvania,2018,1,1709
Texas,2018,1,3428
Washington,2018,1,267
Arizona,2018,2,951
California,2018,2,2361
Colorado,2018,2,686
Georgia,2018,2,4731
Illinois,2018,2,2465
New York,2018,2,648
Pennsylvania,2018,2,1739
Texas,2018,2,4047
Washington,2018,2,352
Arizona,2018,3,1056
California,2018,3,1963
Colorado,2018,3,665
Georgia,2018,3,6284
Illinois,2018,3,2370
New York,2018,3,842
Pennsylvania,2018,3,2246
Texas,2018,3,3966
Washington,2018,3,286
Arizona,2018,4,923
California,2018,4,2038
Colorado,2018,4,793
Georgia,2018,4,7656
Illinois,2018,4,2560
New York,2018,4,1355
Pennsylvania,2018,4,3116
Texas,2018,4,5203
Washington,2018,4,345
Arizona,2018,5,756
California,2018,5,2369
Colorado,2018,5,977
Georgia,2018,5,8032
Illinois,2018,5,2720
New York,2018,5,1674
Pennsylvania,2018,5,3680
Texas,2018,5,4996
Washington,2018,5,247
Arizona,2018,6,996
California,2018,6,2116
Colorado,2018,6,863
Georgia,2018,6,8949
Illinois,2018,6,2552
New York,2018,6,1678
Pennsylvania,2018,6,4221
Texas,2018,6,4450
Washington,2018,6,210
Arizona,2018,7,948
California,2018,7,1879
Colorado,2018,7,740
Georgia,2018,7,6528
Illinois,2018,7,2414
New York,2018,7,1588
Pennsylvania,2018,7,4352
Texas,2018,7,3598
Washington,2018,7,181
Arizona,2018,8,885
California,2018,8,1619
Colorado,2018,8,672
Georgia,2018,8,3190
Illinois,2018,8,1879
New York,2018,8,875
Pennsylvania,2018,8,3145
Texas,2018,8,2638
Washington,2018,8,176
Arizona,2018,9,778
California,2018,9,1870
Colorado,2018,9,554
Georgia,2018,9,1961
Illinois,2018,9,1279
New York,2018,9,576
Pennsylvania,2018,9,2149
Texas,2018,9,1833
Washington,2018,9,123
Arizona,2018,10,535
California,2018,10,1813
Colorado,2018,10,455
Georgia,2018,10,1783
Illinois,2018,10,1081
New York,2018,10,402
Pennsylvania,2018,10,1420
Texas,2018,10,1286
Washington,2018,10,93
Arizona,2018,11,550
California,2018,11,1658
Colorado,2018,11,360
Georgia,2018,11,1655
Illinois,2018,11,1051
New York,2018,11,345
Pennsylvania,2018,11,1319
Texas,2018,11,817
Washington,2018,11,114
Arizona,2018,12,640
California,2018,12,1457
Colorado,2018,12,313
Georgia,2018,12,1381
Illinois,2018,12,958
New York,2018,12,249
Pennsylvania,2018,12,1289
Texas,2018,12,853
Washington,2018,12,113
Arizona,2018,13,575
California,2018,13,1167
Colorado,2018,13,225
Georgia,2018,13,1342
Illinois,2018,13,811
New York,2018,13,275
Pennsylvania,2018,13,1174
Texas,2018,13,762
Washington,2018,13,86
Arizona,2018,14,565
California,2018,14,1082
Colorado,2018,14,222
Georgia,2018,14,1211
Illinois,2018,14,781
New York,2018,14,212
Pennsylvania,2018,14,1186
Texas,2018,14,530
Washington,2018,14,79
Arizona,2018,15,566
California,2018,15,903
Colorado,2018,15,150
Georgia,2018,15,1147
Illinois,2018,15,695
New York,2018,15,240
Pennsylvania,2018,15,894
Texas,2018,15,437
Washington,2018,15,50
Arizona,2018,16,483
California,2018,16,888
Colorado,2018,16,146
Georgia,2018,16,979
Illinois,2018,16,506
New York,2018,16,237
Pennsylvania,2018,16,732
Texas,2018,16,696
Washington,2018,16,47
Arizona,2018,17,450
California,2018,17,934
Colorado,2018,17,176
Georgia,2018,17,850
Illinois,2018,17,578
New York,2018,17,177
Pennsylvania,2018,17,715
Texas,2018,17,624
Washington,2018,17,21
Arizona,2018,18,434
California,2018,18,876
Colorado,2018,18,136
Georgia,2018,18,942
Illinois,2018,18,445
New York,2018,18,232
Pennsylvania,2018,18,598
Texas,2018,18,570
Washington,2018,18,23
Arizona,2018,19,386
California,2018,19,828
Colorado,2018,19,109
Georgia,2018,19,897
Illinois,2018,19,423
New York,2018,19,165
Pennsylvania,2018,19,495
Texas,2018,19,509
Washington,2018,19,25
Arizona,2018,20,357
California,2018,20,708
Colorado,2018,20,97
Georgia,2018,20,902
Illinois,2018,20,387
New York,2018,20,131
Pennsylvania,2018,20,407
Texas,2018,20,391
Washington,2018,20,21
Arizona,2018,21,342
California,2018,21,690
Colorado,2018,21,72
Georgia,2018,21,768
Illinois,2018,21,366
New York,2018,21,99
Pennsylvania,2018,21,378
Texas,2018,21,441
Washington,2018,21,11
Arizona,2018,22,325
California,2018,22,581
Colorado,2018,22,78
Georgia,2018,22,768
Illinois,2018,22,323
New York,2018,22,99
Pennsylvania,2018,22,373
Texas,2018,22,334
Washington,2018,22,1
Arizona,2018,23,180
California,2018,23,571
Colorado,2018,23,66
Georgia,2018,23,638
Illinois,2018,23,224
New York,2018,23,2
Pennsylvania,2018,23,379
Texas,2018,23,316
Washington,2018,23,1
Arizona,2018,24,140
California,2018,24,548
Colorado,2018,24,57
Georgia,2018,24,528
Illinois,2018,24,209
New York,2018,24,3
Pennsylvania,2018,24,318
Texas,2018,24,320
Washington,2018,24,13
Arizona,2018,25,288
California,2018,25,526
Colorado,2018,25,46
Georgia,2018,25,516
Illinois,2018,25,269
New York,2018,25,0
Pennsylvania,2018,25,280
Texas,2018,25,250
Washington,2018,25,14
Arizona,2018,26,266
California,2018,26,493
Colorado,2018,26,65
Georgia,2018,26,457
Illinois,2018,26,239
New York,2018,26,1
Pennsylvania,2018,26,261
Texas,2018,26,288
Washington,2018,26,19
Arizona,2018,27,189
California,2018,27,380
Colorado,2018,27,37
Georgia,2018,27,426
Illinois,2018,27,241
New York,2018,27,10
Pennsylvania,2018,27,236
Texas,2018,27,211
Washington,2018,27,12
Arizona,2018,28,238
California,2018,28,398
Colorado,2018,28,53
Georgia,2018,28,446
Illinois,2018,28,264
New York,2018,28,0
Pennsylvania,2018,28,251
Texas,2018,28,256
Washington,2018,28,8
Arizona,2018,29,142
California,2018,29,379
Colorado,2018,29,48
Georgia,2018,29,392
Illinois,2018,29,221
New York,2018,29,0
Pennsylvania,2018,29,157
Texas,2018,29,203
Washington,2018,29,9
Arizona,2018,30,260
California,2018,30,382
Colorado,2018,30,35
Georgia,2018,30,441
Illinois,2018,30,164
New York,2018,30,1
Pennsylvania,2018,30,168
Texas,2018,30,197
Washington,2018,30,11
Arizona,2018,31,166
California,2018,31,374
Colorado,2018,31,40
Georgia,2018,31,390
Illinois,2018,31,177
New York,2018,31,1
Pennsylvania,2018,31,205
Texas,2018,31,209
Washington,2018,31,5
Arizona,2018,32,257
California,2018,32,387
Colorado,2018,32,40
Georgia,2018,32,465
Illinois,2018,32,157
New York,2018,32,0
Pennsylvania,2018,32,175
Texas,2018,32,156
Washington,2018,32,8
Arizona,2018,33,222
California,2018,33,391
Colorado,2018,33,48
Georgia,2018,33,711
Illinois,2018,33,172
New York,2018,33,0
Pennsylvania,2018,33,194
Texas,2018,33,184
Washington,2018,33,5
Arizona,2018,34,375
California,2018,34,335
Colorado,2018,34,75
Georgia,2018,34,810
Illinois,2018,34,188
New York,2018,34,0
Pennsylvania,2018,34,198
Texas,2018,34,270
Washington,2018,34,8
Arizona,2018,35,295
California,2018,35,435
Colorado,2018,35,77
Georgia,2018,35,852
Illinois,2018,35,269
New York,2018,35,0
Pennsylvania,2018,35,238
Texas,2018,35,244
Washington,2018,35,7
Arizona,2018,36,316
California,2018,36,515
Colorado,2018,36,99
Georgia,2018,36,896
Illinois,2018,36,263
New York,2018,36,2
Pennsylvania,2018,36,307
Texas,2018,36,382
Washington,2018,36,12
Arizona,2018,37,355
California,2018,37,645
Colorado,2018,37,83
Georgia,2018,37,888
Illinois,2018,37,292
New York,2018,37,8
Pennsylvania,2018,37,395
Texas,2018,37,449
Washington,2018,37,17
Arizona,2018,38,286
California,2018,38,555
Colorado,2018,38,80
Georgia,2018,38,844
Illinois,2018,38,334
New York,2018,38,11
Pennsylvania,2018,38,505
Texas,2018,38,465
Washington,2018,38,20
Arizona,2018,39,224
California,2018,39,546
Colorado,2018,39,64
Georgia,2018,39,856
Illinois,2018,39,272
New York,2018,39,26
Pennsylvania,2018,39,568
Texas,2018,39,561
Washington,2018,39,11
Arizona,2018,40,307
California,2018,40,698
Colorado,2018,40,843
Georgia,2018,40,1850
Illinois,2018,40,394
New York,2018,40,623
Pennsylvania,2018,40,536
Texas,2018,40,730
Washington,2018,40,24
Arizona,2018,41,288
California,2018,41,598
Colorado,2018,41,978
Georgia,2018,41,1830
Illinois,2018,41,493
New York,2018,41,661
Pennsylvania,2018,41,639
Texas,2018,41,589
Washington,2018,41,37
Arizona,2018,42,332
California,2018,42,691
Colorado,2018,42,1042
Georgia,2018,42,2067
Illinois,2018,42,518
New York,2018,42,706
Pennsylvania,2018,42,610
Texas,2018,42,607
Washington,2018,42,21
Arizona,2018,43,257
California,2018,43,753
Colorado,2018,43,944
Georgia,2018,43,2338
Illinois,2018,43,579
New York,2018,43,700
Pennsylvania,2018,43,652
Texas,2018,43,761
Washington,2018,43,31
Arizona,2018,44,407
California,2018,44,875
Colorado,2018,44,1073
Georgia,2018,44,2626
Illinois,2018,44,656
New York,2018,44,786
Pennsylvania,2018,44,676
Texas,2018,44,831
Washington,2018,44,27
Arizona,2018,45,424
California,2018,45,944
Colorado,2018,45,1120
Georgia,2018,45,2745
Illinois,2018,45,632
New York,2018,45,710
Pennsylvania,2018,45,731
Texas,2018,45,945
Washington,2018,45,30
Arizona,2018,46,363
California,2018,46,943
Colorado,2018,46,1160
Georgia,2018,46,2888
Illinois,2018,46,649
New York,2018,46,659
Pennsylvania,2018,46,675
Texas,2018,46,973
Washington,2018,46,29
Arizona,2018,47,434
California,2018,47,719
Colorado,2018,47,986
Georgia,2018,47,3230
Illinois,2018,47,627
New York,2018,47,742
Pennsylvania,2018,47,663
Texas,2018,47,806
Washington,2018,47,30
Arizona,2018,48,552
California,2018,48,1177
Colorado,2018,48,1492
Georgia,2018,48,3378
Illinois,2018,48,732
New York,2018,48,828
Pennsylvania,2018,48,1074
Texas,2018,48,1104
Washington,2018,48,40
Arizona,2018,49,525
California,2018,49,1206
Colorado,2018,49,1606
Georgia,2018,49,3182
Illinois,2018,49,788
New York,2018,49,892
Pennsylvania,2018,49,811
Texas,2018,49,1017
Washington,2018,49,33
Arizona,2018,50,622
California,2018,50,1356
Colorado,2018,50,2122
Georgia,2018,50,4258
Illinois,2018,50,854
New York,2018,50,1172
Pennsylvania,2018,50,958
Texas,2018,50,1148
Washington,2018,50,41
Arizona,2018,51,547
California,2018,51,1288
Colorado,2018,51,2571
Georgia,2018,51,5436
Illinois,2018,51,987
New York,2018,51,1427
Pennsylvania,2018,51,1092
Texas,2018,51,1255
Washington,2018,51,39
Arizona,2018,52,567
California,2018,52,935
Colorado,2018,52,2608
Georgia,2018,52,5994
Illinois,2018,52,1339
New York,2018,52,1757
Pennsylvania,2018,52,1442
Texas,2018,52,1317
Washington,2018,52,45
Arizona,2019,1,587
California,2019,1,1021
Colorado,2019,1,2268
Georgia,2019,1,4532
Illinois,2019,1,1262
New York,2019,1,1727
Pennsylvania,2019,1,1474
Texas,2019,1,1244
Washington,2019,1,57
Arizona,2019,2,821
California,2019,2,1415
Colorado,2019,2,2277
Georgia,2019,2,3156
Illinois,2019,2,1019
New York,2019,2,1514
Pennsylvania,2019,2,1262
Texas,2019,2,1331
Washington,2019,2,82
Arizona,2019,3,752
California,2019,3,1325
Colorado,2019,3,2064
Georgia,2019,3,2880
Illinois,2019,3,1057
New York,2019,3,1820
Pennsylvania,2019,3,1318
Texas,2019,3,1621
Washington,2019,3,94
Arizona,2019,4,710
California,2019,4,1267
Colorado,2019,4,1890
Georgia,2019,4,3147
Illinois,2019,4,1046
New York,2019,4,2085
Pennsylvania,2019,4,1546
Texas,2019,4,2092
Washington,2019,4,102
Arizona,2019,5,802
California,2019,5,1657
Colorado,2019,5,2067
Georgia,2019,5,3788
Illinois,2019,5,1089
New York,2019,5,2158
Pennsylvania,2019,5,1313
Texas,2019,5,2684
Washington,2019,5,132
Arizona,2019,6,729
California,2019,6,1617
Colorado,2019,6,2251
Georgia,2019,6,5526
Illinois,2019,6,1198
New York,2019,6,2676
Pennsylvania,2019,6,1763
Texas,2019,6,3363
Washington,2019,6,103
Arizona,2019,7,719
California,2019,7,1726
Colorado,2019,7,2482
Georgia,2019,7,4839
Illinois,2019,7,1326
New York,2019,7,3024
Pennsylvania,2019,7,1842
Texas,2019,7,3277
Washington,2019,7,165
Arizona,2019,8,707
California,2019,8,1562
Colorado,2019,8,2599
Georgia,2019,8,4296
Illinois,2019,8,1601
New York,2019,8,2335
Pennsylvania,2019,8,1701
Texas,2019,8,2912
Washington,2019,8,130
Arizona,2019,9,789
California,2019,9,1856
Colorado,2019,9,2811
Georgia,2019,9,3334
Illinois,2019,9,1557
New York,2019,9,1979
Pennsylvania,2019,9,1755
Texas,2019,9,3055
Washington,2019,9,138
Arizona,2019,10,664
California,2019,10,1804
Colorado,2019,10,2909
Georgia,2019,10,3357
Illinois,2019,10,1650
New York,2019,10,2035
Pennsylvania,2019,10,1696
Texas,2019,10,2734
Washington,2019,10,199
Arizona,2019,11,653
California,2019,11,1708
Colorado,2019,11,2490
Georgia,2019,11,3315
Illinois,2019,11,1907
New York,2019,11,2105
Pennsylvania,2019,11,1831
Texas,2019,11,2109
Washington,2019,11,232
Arizona,2019,12,735
California,2019,12,1699
Colorado,2019,12,2011
Georgia,2019,12,3014
Illinois,2019,12,1458
New York,2019,12,2038
Pennsylvania,2019,12,2101
Texas,2019,12,1764
Washington,2019,12,221
Arizona,2019,13,653
California,2019,13,1371
Colorado,2019,13,1459
Georgia,2019,13,2722
Illinois,2019,13,1255
New York,2019,13,1751
Pennsylvania,2019,13,1572
Texas,2019,13,1411
Washington,2019,13,138
Arizona,2019,14,626
California,2019,14,1329
Colorado,2019,14,1334
Georgia,2019,14,2421
Illinois,2019,14,1062
New York,2019,14,1699
Pennsylvania,2019,14,1260
Texas,2019,14,1232
Washington,2019,14,80
Arizona,2019,15,591
California,2019,15,1165
Colorado,2019,15,1224
Georgia,2019,15,2212
Illinois,2019,15,847
New York,2019,15,1301
Pennsylvania,2019,15,1057
Texas,2019,15,1152
Washington,2019,15,49
Arizona,2019,16,482
California,2019,16,1084
Colorado,2019,16,1117
Georgia,2019,16,1889
Illinois,2019,16,691
New York,2019,16,1027
Pennsylvania,2019,16,748
Texas,2019,16,929
Washington,2019,16,42
Arizona,2019,17,518
California,2019,17,972
Colorado,2019,17,1049
Georgia,2019,17,1897
Illinois,2019,17,562
New York,2019,17,753
Pennsylvania,2019,17,611
Texas,2019,17,657
Washington,2019,17,24
Arizona,2019,18,447
California,2019,18,702
Colorado,2019,18,1149
Georgia,2019,18,1795
Illinois,2019,18,479
New York,2019,18,656
Pennsylvania,2019,18,566
Texas,2019,18,722
Washington,2019,18,29
Arizona,2019,19,360
California,2019,19,771
Colorado,2019,19,1043
Georgia,2019,19,1660
Illinois,2019,19,487
New York,2019,19,512
Pennsylvania,2019,19,463
Texas,2019,19,620
Washington,2019,19,25
Arizona,2019,20,466
California,2019,20,674
Colorado,2019,20,1026
Georgia,2019,20,1636
Illinois,2019,20,445
New York,2019,20,374
Pennsylvania,2019,20,38
Texas,2019,20,597
Washington,2019,20,18
Arizona,2019,21,404
California,2019,21,616
Colorado,2019,21,978
Georgia,2019,21,1407
Illinois,2019,21,370
New York,2019,21,517
Pennsylvania,2019,21,437
Texas,2019,21,507
Washington,2019,21,22
Arizona,2019,22,327
California,2019,22,620
Colorado,2019,22,769
Georgia,2019,22,1348
Illinois,2019,22,281
New York,2019,22,513
Pennsylvania,2019,22,474
Texas,2019,22,442
Washington,2019,22,23
Arizona,2019,23,268
California,2019,23,579
Colorado,2019,23,864
Georgia,2019,23,1090
Illinois,2019,23,243
New York,2019,23,455
Pennsylvania,2019,23,391
Texas,2019,23,474
Washington,2019,23,23
Arizona,2019,24,132
California,2019,24,570
Colorado,2019,24,701
Georgia,2019,24,957
Illinois,2019,24,272
New York,2019,24,384
Pennsylvania,2019,24,321
Texas,2019,24,461
Washington,2019,24,13
Arizona,2019,25,124
California,2019,25,474
Colorado,2019,25,589
Georgia,2019,25,816
Illinois,2019,25,219
New York,2019,25,411
Pennsylvania,2019,25,327
Texas,2019,25,407
Washington,2019,25,10
Arizona,2019,26,124
California,2019,26,465
Colorado,2019,26,543
Georgia,2019,26,803
Illinois,2019,26,238
New York,2019,26,420
Pennsylvania,2019,26,266
Texas,2019,26,300
Washington,2019,26,7
Arizona,2019,27,67
California,2019,27,329
Colorado,2019,27,357
Georgia,2019,27,700
Illinois,2019,27,195
New York,2019,27,395
Pennsylvania,2019,27,223
Texas,2019,27,328
Washington,2019,27,19
Arizona,2019,28,106
California,2019,28,343
Colorado,2019,28,387
Georgia,2019,28,679
Illinois,2019,28,195
New York,2019,28,374
Pennsylvania,2019,28,233
Texas,2019,28,254
Washington,2019,28,13
Arizona,2019,29,83
California,2019,29,344
Colorado,2019,29,399
Georgia,2019,29,632
Illinois,2019,29,197
New York,2019,29,297
Pennsylvania,2019,29,215
Texas,2019,29,281
Washington,2019,29,10
Arizona,2019,30,34
California,2019,30,345
Colorado,2019,30,338
Georgia,2019,30,726
Illinois,2019,30,193
New York,2019,30,298
Pennsylvania,2019,30,239
Texas,2019,30,317
Washington,2019,30,13
Arizona,2019,31,41
California,2019,31,315
Colorado,2019,31,374
Georgia,2019,31,705
Illinois,2019,31,187
New York,2019,31,296
Pennsylvania,2019,31,220
Texas,2019,31,281
Washington,2019,31,7
Arizona,2019,32,211
California,2019,32,370
Colorado,2019,32,361
Georgia,2019,32,782
Illinois,2019,32,191
New York,2019,32,317
Pennsylvania,2019,32,206
Texas,2019,32,253
Washington,2019,32,9
Arizona,2019,33,266
California,2019,33,311
Colorado,2019,33,457
Georgia,2019,33,1210
Illinois,2019,33,161
New York,2019,33,279
Pennsylvania,2019,33,215
Texas,2019,33,198
Washington,2019,33,3
Arizona,2019,34,218
California,2019,34,310
Colorado,2019,34,550
Georgia,2019,34,1454
Illinois,2019,34,150
New York,2019,34,278
Pennsylvania,2019,34,230
Texas,2019,34,298
Washington,2019,34,17
Arizona,2019,35,273
California,2019,35,413
Colorado,2019,35,793
Georgia,2019,35,1475
Illinois,2019,35,192
New York,2019,35,282
Pennsylvania,2019,35,238
Texas,2019,35,450
Washington,2019,35,4
Arizona,2019,36,294
California,2019,36,385
Colorado,2019,36,773
Georgia,2019,36,1624
Illinois,2019,36,243
New York,2019,36,302
Pennsylvania,2019,36,437
Texas,2019,36,451
Washington,2019,36,8
Arizona,2019,37,253
California,2019,37,480
Colorado,2019,37,917
Georgia,2019,37,1556
Illinois,2019,37,360
New York,2019,37,415
Pennsylvania,2019,37,414
Texas,2019,37,549
Washington,2019,37,13
Arizona,2019,38,300
California,2019,38,480
Colorado,2019,38,918
Georgia,2019,38,1559
Illinois,2019,38,331
New York,2019,38,502
Pennsylvania,2019,38,422
Texas,2019,38,390
Washington,2019,38,0
Arizona,2019,39,207
California,2019,39,485
Colorado,2019,39,879
Georgia,2019,39,1778
Illinois,2019,39,334
New York,2019,39,561
Pennsylvania,2019,39,493
Texas,2019,39,530
Washington,2019,39,21
Arizona,2019,40,129
California,2019,40,769
Colorado,2019,40,870
Georgia,2019,40,1954
Illinois,2019,40,1157
New York,2019,40,518
Pennsylvania,2019,40,487
Texas,2019,40,637
Washington,2019,40,206
Arizona,2019,41,144
California,2019,41,828
Colorado,2019,41,957
Georgia,2019,41,1900
Illinois,2019,41,1159
New York,2019,41,587
Pennsylvania,2019,41,521
Texas,2019,41,759
Washington,2019,41,258
Arizona,2019,42,147
California,2019,42,898
Colorado,2019,42,979
Georgia,2019,42,1946
Illinois,2019,42,1350
New York,2019,42,622
Pennsylvania,2019,42,594
Texas,2019,42,768
Washington,2019,42,286
Arizona,2019,43,175
California,2019,43,988
Colorado,2019,43,1007
Georgia,2019,43,2333
Illinois,2019,43,1667
New York,2019,43,626
Pennsylvania,2019,43,747
Texas,2019,43,987
Washington,2019,43,222
Arizona,2019,44,182
California,2019,44,1016
Colorado,2019,44,919
Georgia,2019,44,2516
Illinois,2019,44,1537
New York,2019,44,712
Pennsylvania,2019,44,638
Texas,2019,44,1124
Washington,2019,44,263
Arizona,2019,45,376
California,2019,45,1253
Colorado,2019,45,982
Georgia,2019,45,3105
Illinois,2019,45,1590
New York,2019,45,734
Pennsylvania,2019,45,736
Texas,2019,45,1501
Washington,2019,45,245
Arizona,2019,46,405
California,2019,46,1480
Colorado,2019,46,1112
Georgia,2019,46,3500
Illinois,2019,46,1662
New York,2019,46,763
Pennsylvania,2019,46,734
Texas,2019,46,1456
Washington,2019,46,310
Arizona,2019,47,388
California,2019,47,1531
Colorado,2019,47,1216
Georgia,2019,47,3623
Illinois,2019,47,1794
New York,2019,47,826
Pennsylvania,2019,47,903
Texas,2019,47,2114
Washington,2019,47,602
Arizona,2019,48,276
California,2019,48,1202
Colorado,2019,48,1132
Georgia,2019,48,4304
Illinois,2019,48,1990
New York,2019,48,998
Pennsylvania,2019,48,795
Texas,2019,48,1783
Washington,2019,48,427
Arizona,2019,49,425
California,2019,49,1696
Colorado,2019,49,1465
Georgia,2019,49,4204
Illinois,2019,49,2291
New York,2019,49,1025
Pennsylvania,2019,49,913
Texas,2019,49,1894
Washington,2019,49,980
Arizona,2019,50,417
California,2019,50,1678
Colorado,2019,50,1635
Georgia,2019,50,5492
Illinois,2019,50,2603
New York,2019,50,1328
Pennsylvania,2019,50,1067
Texas,2019,50,2124
Washington,2019,50,1328
Arizona,2019,51,434
California,2019,51,1854
Colorado,2019,51,1943
Georgia,2019,51,8233
Illinois,2019,51,3157
New York,2019,51,1898
Pennsylvania,2019,51,1282
Texas,2019,51,2605
Washington,2019,51,1516
Arizona,2019,52,463
California,2019,52,2040
Colorado,2019,52,2569
Georgia,2019,52,10480
Illinois,2019,52,4746
New York,2019,52,2939
Pennsylvania,2019,52,1763
Texas,2019,52,2343
Washington,2019,52,1907
Arizona,2020,1,483
California,2020,1,2217
Colorado,2020,1,2178
Georgia,2020,1,8109
Illinois,2020,1,4383
New York,2020,1,2986
Pennsylvania,2020,1,2144
Texas,2020,1,2933
Washington,2020,1,1449
Arizona,2020,2,481
California,2020,2,2599
Colorado,2020,2,2472
Georgia,2020,2,5862
Illinois,2020,2,3709
New York,2020,2,1916
Pennsylvania,2020,2,1702
Texas,2020,2,3008
Washington,2020,2,1075
Arizona,2020,3,639
California,2020,3,2737
Colorado,2020,3,2403
Georgia,2020,3,5358
Illinois,2020,3,3843
New York,2020,3,2824
Pennsylvania,2020,3,1852
Texas,2020,3,3100
Washington,2020,3,853
Arizona,2020,4,776
California,2020,4,3084
Colorado,2020,4,2869
Georgia,2020,4,5206
Illinois,2020,4,4880
New York,2020,4,3755
Pennsylvania,2020,4,2084
Texas,2020,4,3429
Washington,2020,4,966
Arizona,2020,5,709
California,2020,5,3365
Colorado,2020,5,3136
Georgia,2020,5,6700
Illinois,2020,5,6380
New York,2020,5,4361
Pennsylvania,2020,5,2615
Texas,2020,5,3799
Washington,2020,5,1044
Arizona,2020,6,749
California,2020,6,3398
Colorado,2020,6,2903
Georgia,2020,6,6744
Illinois,2020,6,6880
New York,2020,6,4535
Pennsylvania,2020,6,2700
Texas,2020,6,3090
Washington,2020,6,910
Arizona,2020,7,582
California,2020,7,2883
Colorado,2020,7,2373
Georgia,2020,7,5030
Illinois,2020,7,5970
New York,2020,7,3631
Pennsylvania,2020,7,3176
Texas,2020,7,3076
Washington,2020,7,889
Arizona,2020,8,632
California,2020,8,2760
Colorado,2020,8,2086
Georgia,2020,8,4151
Illinois,2020,8,5599
New York,2020,8,2575
Pennsylvania,2020,8,2107
Texas,2020,8,2890
Washington,2020,8,807
Arizona,2020,9,446
California,2020,9,2761
Colorado,2020,9,2046
Georgia,2020,9,3614
Illinois,2020,9,4935
New York,2020,9,1925
Pennsylvania,2020,9,2139
Texas,2020,9,2454
Washington,2020,9,939
Arizona,2020,10,334
California,2020,10,2393
Colorado,2020,10,2238
Georgia,2020,10,4398
Illinois,2020,10,4978
New York,2020,10,1808
Pennsylvania,2020,10,2658
Texas,2020,10,2415
Washington,2020,10,1403
Arizona,2020,11,411
California,2020,11,2321
Colorado,2020,11,2793
Georgia,2020,11,6513
Illinois,2020,11,5334
New York,2020,11,3199
Pennsylvania,2020,11,3280
Texas,2020,11,1789
Washington,2020,11,1268
Arizona,2020,12,377
California,2020,12,1473
Colorado,2020,12,1504
Georgia,2020,12,5737
Illinois,2020,12,4710
New York,2020,12,3288
Pennsylvania,2020,12,3400
Texas,2020,12,1918
Washington,2020,12,954
Arizona,2020,13,299
California,2020,13,1084
Colorado,2020,13,656
Georgia,2020,13,3720
Illinois,2020,13,2632
New York,2020,13,2892
Pennsylvania,2020,13,1960
Texas,2020,13,727
Washington,2020,13,509
Arizona,2020,14,243
California,2020,14,662
Colorado,2020,14,472
Georgia,2020,14,2226
Illinois,2020,14,1711
New York,2020,14,2365
Pennsylvania,2020,14,1307
Texas,2020,14,398
Washington,2020,14,282
Arizona,2020,15,147
California,2020,15,492
Colorado,2020,15,325
Georgia,2020,15,1618
Illinois,2020,15,1290
New York,2020,15,1452
Pennsylvania,2020,15,946
Texas,2020,15,338
Washington,2020,15,184
Arizona,2020,16,169
California,2020,16,375
Colorado,2020,16,217
Georgia,2020,16,1211
Illinois,2020,16,1082
New York,2020,16,946
Pennsylvania,2020,16,712
Texas,2020,16,228
Washington,2020,16,137
Arizona,2020,17,164
California,2020,17,323
Colorado,2020,17,192
Georgia,2020,17,947
Illinois,2020,17,996
New York,2020,17,583
Pennsylvania,2020,17,555
Texas,2020,17,216
Washington,2020,17,138
Arizona,2020,18,105
California,2020,18,330
Colorado,2020,18,128
Georgia,2020,18,887
Illinois,2020,18,906
New York,2020,18,393
Pennsylvania,2020,18,471
Texas,2020,18,128
Washington,2020,18,130
Arizona,2020,19,110
California,2020,19,319
Colorado,2020,19,107
Georgia,2020,19,811
Illinois,2020,19,718
New York,2020,19,305
Pennsylvania,2020,19,369
Texas,2020,19,156
Washington,2020,19,116
Arizona,2020,20,103
California,2020,20,291
Colorado,2020,20,126
Georgia,2020,20,769
Illinois,2020,20,632
New York,2020,20,257
Pennsylvania,2020,20,401
Texas,2020,20,153
Washington,2020,20,87
Arizona,2020,21,122
California,2020,21,301
Colorado,2020,21,105
Georgia,2020,21,759
Illinois,2020,21,525
New York,2020,21,244
Pennsylvania,2020,21,357
Texas,2020,21,150
Washington,2020,21,85
Arizona,2020,22,113
California,2020,22,272
Colorado,2020,22,100
Georgia,2020,22,670
Illinois,2020,22,458
New York,2020,22,189
Pennsylvania,2020,22,279
Texas,2020,22,123
Washington,2020,22,97
Arizona,2020,23,91
California,2020,23,223
Colorado,2020,23,63
Georgia,2020,23,699
Illinois,2020,23,374
New York,2020,23,161
Pennsylvania,2020,23,267
Texas,2020,23,56
Washington,2020,23,80
