State,year,week,Total Positives
Arizona,2010,40,1
California,2010,40,6
Colorado,2010,40,1
Georgia,2010,40,2
Illinois,2010,40,0
New York,2010,40,3
Pennsylvania,2010,40,1
Texas,2010,40,2
Washington,2010,40,2
Arizona,2010,41,3
California,2010,41,2
Colorado,2010,41,2
Georgia,2010,41,4
Illinois,2010,41,4
New York,2010,41,2
Pennsylvania,2010,41,0
Texas,2010,41,12
Washington,2010,41,0
Arizona,2010,42,1
California,2010,42,5
Colorado,2010,42,1
Georgia,2010,42,7
Illinois,2010,42,1
New York,2010,42,2
Pennsylvania,2010,42,1
Texas,2010,42,12
Washington,2010,42,0
Arizona,2010,43,2
California,2010,43,3
Colorado,2010,43,3
Georgia,2010,43,7
Illinois,2010,43,0
New York,2010,43,4
Pennsylvania,2010,43,2
Texas,2010,43,10
Washington,2010,43,6
Arizona,2010,44,1
California,2010,44,7
Colorado,2010,44,2
Georgia,2010,44,28
Illinois,2010,44,2
New York,2010,44,9
Pennsylvania,2010,44,7
Texas,2010,44,11
Washington,2010,44,2
Arizona,2010,45,3
California,2010,45,7
Colorado,2010,45,5
Georgia,2010,45,67
Illinois,2010,45,1
New York,2010,45,14
Pennsylvania,2010,45,5
Texas,2010,45,9
Washington,2010,45,1
Arizona,2010,46,1
California,2010,46,13
Colorado,2010,46,3
Georgia,2010,46,119
Illinois,2010,46,3
New York,2010,46,26
Pennsylvania,2010,46,12
Texas,2010,46,16
Washington,2010,46,5
Arizona,2010,47,9
California,2010,47,6
Colorado,2010,47,11
Georgia,2010,47,162
Illinois,2010,47,5
New York,2010,47,28
Pennsylvania,2010,47,18
Texas,2010,47,27
Washington,2010,47,7
Arizona,2010,48,14
California,2010,48,16
Colorado,2010,48,9
Georgia,2010,48,133
Illinois,2010,48,6
New York,2010,48,36
Pennsylvania,2010,48,19
Texas,2010,48,25
Washington,2010,48,9
Arizona,2010,49,55
California,2010,49,18
Colorado,2010,49,13
Georgia,2010,49,140
Illinois,2010,49,15
New York,2010,49,64
Pennsylvania,2010,49,31
Texas,2010,49,49
Washington,2010,49,7
Arizona,2010,50,89
California,2010,50,17
Colorado,2010,50,23
Georgia,2010,50,244
Illinois,2010,50,17
New York,2010,50,74
Pennsylvania,2010,50,57
Texas,2010,50,145
Washington,2010,50,5
Arizona,2010,51,114
California,2010,51,34
Colorado,2010,51,37
Georgia,2010,51,301
Illinois,2010,51,39
New York,2010,51,138
Pennsylvania,2010,51,89
Texas,2010,51,202
Washington,2010,51,12
Arizona,2010,52,131
California,2010,52,35
Colorado,2010,52,59
Georgia,2010,52,246
Illinois,2010,52,37
New York,2010,52,216
Pennsylvania,2010,52,127
Texas,2010,52,186
Washington,2010,52,8
Arizona,2011,1,132
California,2011,1,35
Colorado,2011,1,53
Georgia,2011,1,159
Illinois,2011,1,54
New York,2011,1,252
Pennsylvania,2011,1,129
Texas,2011,1,271
Washington,2011,1,30
Arizona,2011,2,190
California,2011,2,69
Colorado,2011,2,46
Georgia,2011,2,107
Illinois,2011,2,69
New York,2011,2,231
Pennsylvania,2011,2,131
Texas,2011,2,286
Washington,2011,2,40
Arizona,2011,3,194
California,2011,3,48
Colorado,2011,3,47
Georgia,2011,3,78
Illinois,2011,3,66
New York,2011,3,228
Pennsylvania,2011,3,219
Texas,2011,3,402
Washington,2011,3,35
Arizona,2011,4,205
California,2011,4,98
Colorado,2011,4,77
Georgia,2011,4,129
Illinois,2011,4,45
New York,2011,4,266
Pennsylvania,2011,4,280
Texas,2011,4,450
Washington,2011,4,32
Arizona,2011,5,191
California,2011,5,109
Colorado,2011,5,108
Georgia,2011,5,159
Illinois,2011,5,42
New York,2011,5,259
Pennsylvania,2011,5,229
Texas,2011,5,567
Washington,2011,5,38
Arizona,2011,6,202
California,2011,6,104
Colorado,2011,6,102
Georgia,2011,6,237
Illinois,2011,6,27
New York,2011,6,274
Pennsylvania,2011,6,278
Texas,2011,6,493
Washington,2011,6,52
Arizona,2011,7,219
California,2011,7,145
Colorado,2011,7,157
Georgia,2011,7,292
Illinois,2011,7,31
New York,2011,7,345
Pennsylvania,2011,7,243
Texas,2011,7,640
Washington,2011,7,69
Arizona,2011,8,153
California,2011,8,98
Colorado,2011,8,128
Georgia,2011,8,193
Illinois,2011,8,28
New York,2011,8,311
Pennsylvania,2011,8,259
Texas,2011,8,334
Washington,2011,8,62
Arizona,2011,9,87
California,2011,9,92
Colorado,2011,9,85
Georgia,2011,9,118
Illinois,2011,9,43
New York,2011,9,250
Pennsylvania,2011,9,126
Texas,2011,9,191
Washington,2011,9,69
Arizona,2011,10,70
California,2011,10,83
Colorado,2011,10,57
Georgia,2011,10,51
Illinois,2011,10,29
New York,2011,10,184
Pennsylvania,2011,10,106
Texas,2011,10,99
Washington,2011,10,84
Arizona,2011,11,34
California,2011,11,57
Colorado,2011,11,51
Georgia,2011,11,46
Illinois,2011,11,19
New York,2011,11,143
Pennsylvania,2011,11,81
Texas,2011,11,36
Washington,2011,11,81
Arizona,2011,12,7
California,2011,12,32
Colorado,2011,12,33
Georgia,2011,12,26
Illinois,2011,12,4
New York,2011,12,136
Pennsylvania,2011,12,64
Texas,2011,12,30
Washington,2011,12,74
Arizona,2011,13,25
California,2011,13,18
Colorado,2011,13,21
Georgia,2011,13,7
Illinois,2011,13,11
New York,2011,13,100
Pennsylvania,2011,13,41
Texas,2011,13,17
Washington,2011,13,38
Arizona,2011,14,10
California,2011,14,10
Colorado,2011,14,11
Georgia,2011,14,8
Illinois,2011,14,3
New York,2011,14,79
Pennsylvania,2011,14,18
Texas,2011,14,3
Washington,2011,14,21
Arizona,2011,15,5
California,2011,15,8
Colorado,2011,15,8
Georgia,2011,15,18
Illinois,2011,15,2
New York,2011,15,56
Pennsylvania,2011,15,11
Texas,2011,15,4
Washington,2011,15,11
Arizona,2011,16,0
California,2011,16,4
Colorado,2011,16,3
Georgia,2011,16,1
Illinois,2011,16,0
New York,2011,16,26
Pennsylvania,2011,16,3
Texas,2011,16,2
Washington,2011,16,12
Arizona,2011,17,1
California,2011,17,4
Colorado,2011,17,0
Georgia,2011,17,4
Illinois,2011,17,2
New York,2011,17,16
Pennsylvania,2011,17,5
Texas,2011,17,5
Washington,2011,17,7
Arizona,2011,18,0
California,2011,18,0
Colorado,2011,18,0
Georgia,2011,18,5
Illinois,2011,18,0
New York,2011,18,4
Pennsylvania,2011,18,7
Texas,2011,18,2
Washington,2011,18,3
Arizona,2011,19,0
California,2011,19,1
Colorado,2011,19,3
Georgia,2011,19,3
Illinois,2011,19,0
New York,2011,19,2
Pennsylvania,2011,19,0
Texas,2011,19,0
Washington,2011,19,3
Arizona,2011,20,0
California,2011,20,2
Colorado,2011,20,4
Georgia,2011,20,1
Illinois,2011,20,0
New York,2011,20,1
Pennsylvania,2011,20,2
Texas,2011,20,0
Washington,2011,20,0
Arizona,2011,21,1
California,2011,21,0
Colorado,2011,21,0
Georgia,2011,21,0
Illinois,2011,21,0
New York,2011,21,2
Pennsylvania,2011,21,0
Texas,2011,21,0
Washington,2011,21,0
Arizona,2011,22,0
California,2011,22,1
Colorado,2011,22,2
Georgia,2011,22,1
Illinois,2011,22,0
New York,2011,22,0
Pennsylvania,2011,22,1
Texas,2011,22,2
Washington,2011,22,1
Arizona,2011,23,0
California,2011,23,0
Colorado,2011,23,0
Georgia,2011,23,1
Illinois,2011,23,0
New York,2011,23,0
Pennsylvania,2011,23,1
Texas,2011,23,0
Washington,2011,23,0
Arizona,2011,24,0
California,2011,24,0
Colorado,2011,24,0
Georgia,2011,24,1
Illinois,2011,24,0
New York,2011,24,0
Pennsylvania,2011,24,0
Texas,2011,24,0
Washington,2011,24,0
Arizona,2011,25,0
California,2011,25,0
Colorado,2011,25,0
Georgia,2011,25,0
Illinois,2011,25,0
New York,2011,25,1
Pennsylvania,2011,25,0
Texas,2011,25,0
Washington,2011,25,2
Arizona,2011,26,0
California,2011,26,0
Colorado,2011,26,0
Georgia,2011,26,1
Illinois,2011,26,0
New York,2011,26,0
Pennsylvania,2011,26,0
Texas,2011,26,0
Washington,2011,26,0
Arizona,2011,27,0
California,2011,27,0
Colorado,2011,27,0
Georgia,2011,27,1
Illinois,2011,27,0
New York,2011,27,0
Pennsylvania,2011,27,0
Texas,2011,27,1
Washington,2011,27,0
Arizona,2011,28,0
California,2011,28,0
Colorado,2011,28,0
Georgia,2011,28,1
Illinois,2011,28,0
New York,2011,28,1
Pennsylvania,2011,28,1
Texas,2011,28,0
Washington,2011,28,0
Arizona,2011,29,0
California,2011,29,0
Colorado,2011,29,0
Georgia,2011,29,5
Illinois,2011,29,0
New York,2011,29,2
Pennsylvania,2011,29,0
Texas,2011,29,0
Washington,2011,29,0
Arizona,2011,30,0
California,2011,30,0
Colorado,2011,30,0
Georgia,2011,30,2
Illinois,2011,30,0
New York,2011,30,1
Pennsylvania,2011,30,0
Texas,2011,30,0
Washington,2011,30,0
Arizona,2011,31,0
California,2011,31,2
Colorado,2011,31,0
Georgia,2011,31,1
Illinois,2011,31,0
New York,2011,31,0
Pennsylvania,2011,31,0
Texas,2011,31,0
Washington,2011,31,0
Arizona,2011,32,0
California,2011,32,1
Colorado,2011,32,0
Georgia,2011,32,2
Illinois,2011,32,0
New York,2011,32,1
Pennsylvania,2011,32,1
Texas,2011,32,1
Washington,2011,32,0
Arizona,2011,33,1
California,2011,33,1
Colorado,2011,33,0
Georgia,2011,33,1
Illinois,2011,33,0
New York,2011,33,0
Pennsylvania,2011,33,1
Texas,2011,33,0
Washington,2011,33,0
Arizona,2011,34,1
California,2011,34,0
Colorado,2011,34,0
Georgia,2011,34,1
Illinois,2011,34,0
New York,2011,34,0
Pennsylvania,2011,34,1
Texas,2011,34,0
Washington,2011,34,0
Arizona,2011,35,0
California,2011,35,0
Colorado,2011,35,0
Georgia,2011,35,1
Illinois,2011,35,0
New York,2011,35,0
Pennsylvania,2011,35,0
Texas,2011,35,0
Washington,2011,35,0
Arizona,2011,36,1
California,2011,36,0
Colorado,2011,36,0
Georgia,2011,36,0
Illinois,2011,36,0
New York,2011,36,0
Pennsylvania,2011,36,0
Texas,2011,36,0
Washington,2011,36,0
Arizona,2011,37,0
California,2011,37,0
Colorado,2011,37,0
Georgia,2011,37,4
Illinois,2011,37,0
New York,2011,37,0
Pennsylvania,2011,37,1
Texas,2011,37,1
Washington,2011,37,2
Arizona,2011,38,1
California,2011,38,0
Colorado,2011,38,0
Georgia,2011,38,4
Illinois,2011,38,0
New York,2011,38,1
Pennsylvania,2011,38,1
Texas,2011,38,0
Washington,2011,38,0
Arizona,2011,39,2
California,2011,39,0
Colorado,2011,39,1
Georgia,2011,39,5
Illinois,2011,39,0
New York,2011,39,0
Pennsylvania,2011,39,3
Texas,2011,39,0
Washington,2011,39,1
Arizona,2011,40,0
California,2011,40,4
Colorado,2011,40,0
Georgia,2011,40,5
Illinois,2011,40,1
New York,2011,40,0
Pennsylvania,2011,40,1
Texas,2011,40,1
Washington,2011,40,2
Arizona,2011,41,0
California,2011,41,5
Colorado,2011,41,0
Georgia,2011,41,5
Illinois,2011,41,0
New York,2011,41,0
Pennsylvania,2011,41,0
Texas,2011,41,0
Washington,2011,41,0
Arizona,2011,42,0
California,2011,42,2
Colorado,2011,42,1
Georgia,2011,42,4
Illinois,2011,42,0
New York,2011,42,1
Pennsylvania,2011,42,1
Texas,2011,42,2
Washington,2011,42,0
Arizona,2011,43,0
California,2011,43,4
Colorado,2011,43,2
Georgia,2011,43,10
Illinois,2011,43,0
New York,2011,43,1
Pennsylvania,2011,43,0
Texas,2011,43,0
Washington,2011,43,3
Arizona,2011,44,0
California,2011,44,2
Colorado,2011,44,0
Georgia,2011,44,6
Illinois,2011,44,0
New York,2011,44,0
Pennsylvania,2011,44,1
Texas,2011,44,2
Washington,2011,44,0
Arizona,2011,45,0
California,2011,45,2
Colorado,2011,45,8
Georgia,2011,45,13
Illinois,2011,45,2
New York,2011,45,1
Pennsylvania,2011,45,0
Texas,2011,45,0
Washington,2011,45,0
Arizona,2011,46,0
California,2011,46,3
Colorado,2011,46,4
Georgia,2011,46,4
Illinois,2011,46,0
New York,2011,46,3
Pennsylvania,2011,46,2
Texas,2011,46,0
Washington,2011,46,1
Arizona,2011,47,0
California,2011,47,3
Colorado,2011,47,12
Georgia,2011,47,13
Illinois,2011,47,0
New York,2011,47,1
Pennsylvania,2011,47,0
Texas,2011,47,4
Washington,2011,47,1
Arizona,2011,48,1
California,2011,48,6
Colorado,2011,48,6
Georgia,2011,48,14
Illinois,2011,48,0
New York,2011,48,0
Pennsylvania,2011,48,0
Texas,2011,48,0
Washington,2011,48,1
Arizona,2011,49,1
California,2011,49,10
Colorado,2011,49,20
Georgia,2011,49,9
Illinois,2011,49,0
New York,2011,49,1
Pennsylvania,2011,49,0
Texas,2011,49,3
Washington,2011,49,1
Arizona,2011,50,1
California,2011,50,9
Colorado,2011,50,32
Georgia,2011,50,9
Illinois,2011,50,2
New York,2011,50,2
Pennsylvania,2011,50,0
Texas,2011,50,4
Washington,2011,50,3
Arizona,2011,51,2
California,2011,51,26
Colorado,2011,51,42
Georgia,2011,51,11
Illinois,2011,51,2
New York,2011,51,3
Pennsylvania,2011,51,3
Texas,2011,51,5
Washington,2011,51,6
Arizona,2011,52,2
California,2011,52,9
Colorado,2011,52,31
Georgia,2011,52,6
Illinois,2011,52,5
New York,2011,52,0
Pennsylvania,2011,52,1
Texas,2011,52,6
Washington,2011,52,9
Arizona,2012,1,3
California,2012,1,19
Colorado,2012,1,33
Georgia,2012,1,3
Illinois,2012,1,5
New York,2012,1,2
Pennsylvania,2012,1,1
Texas,2012,1,13
Washington,2012,1,13
Arizona,2012,2,7
California,2012,2,20
Colorado,2012,2,32
Georgia,2012,2,3
Illinois,2012,2,4
New York,2012,2,4
Pennsylvania,2012,2,4
Texas,2012,2,18
Washington,2012,2,5
Arizona,2012,3,12
California,2012,3,46
Colorado,2012,3,48
Georgia,2012,3,3
Illinois,2012,3,1
New York,2012,3,9
Pennsylvania,2012,3,3
Texas,2012,3,27
Washington,2012,3,19
Arizona,2012,4,14
California,2012,4,45
Colorado,2012,4,47
Georgia,2012,4,12
Illinois,2012,4,7
New York,2012,4,4
Pennsylvania,2012,4,2
Texas,2012,4,39
Washington,2012,4,12
Arizona,2012,5,29
California,2012,5,43
Colorado,2012,5,57
Georgia,2012,5,9
Illinois,2012,5,12
New York,2012,5,16
Pennsylvania,2012,5,4
Texas,2012,5,54
Washington,2012,5,23
Arizona,2012,6,33
California,2012,6,90
Colorado,2012,6,46
Georgia,2012,6,6
Illinois,2012,6,14
New York,2012,6,8
Pennsylvania,2012,6,3
Texas,2012,6,74
Washington,2012,6,24
Arizona,2012,7,39
California,2012,7,94
Colorado,2012,7,54
Georgia,2012,7,21
Illinois,2012,7,26
New York,2012,7,39
Pennsylvania,2012,7,7
Texas,2012,7,93
Washington,2012,7,30
Arizona,2012,8,64
California,2012,8,74
Colorado,2012,8,72
Georgia,2012,8,31
Illinois,2012,8,27
New York,2012,8,23
Pennsylvania,2012,8,6
Texas,2012,8,150
Washington,2012,8,40
Arizona,2012,9,84
California,2012,9,133
Colorado,2012,9,68
Georgia,2012,9,46
Illinois,2012,9,44
New York,2012,9,42
Pennsylvania,2012,9,18
Texas,2012,9,178
Washington,2012,9,46
Arizona,2012,10,97
California,2012,10,80
Colorado,2012,10,57
Georgia,2012,10,49
Illinois,2012,10,89
New York,2012,10,40
Pennsylvania,2012,10,28
Texas,2012,10,181
Washington,2012,10,52
Arizona,2012,11,146
California,2012,11,108
Colorado,2012,11,58
Georgia,2012,11,65
Illinois,2012,11,76
New York,2012,11,62
Pennsylvania,2012,11,42
Texas,2012,11,137
Washington,2012,11,67
Arizona,2012,12,87
California,2012,12,119
Colorado,2012,12,44
Georgia,2012,12,56
Illinois,2012,12,34
New York,2012,12,74
Pennsylvania,2012,12,43
Texas,2012,12,94
Washington,2012,12,83
Arizona,2012,13,90
California,2012,13,89
Colorado,2012,13,31
Georgia,2012,13,45
Illinois,2012,13,11
New York,2012,13,33
Pennsylvania,2012,13,23
Texas,2012,13,83
Washington,2012,13,136
Arizona,2012,14,77
California,2012,14,98
Colorado,2012,14,26
Georgia,2012,14,35
Illinois,2012,14,8
New York,2012,14,37
Pennsylvania,2012,14,35
Texas,2012,14,61
Washington,2012,14,141
Arizona,2012,15,53
California,2012,15,58
Colorado,2012,15,25
Georgia,2012,15,26
Illinois,2012,15,6
New York,2012,15,42
Pennsylvania,2012,15,30
Texas,2012,15,38
Washington,2012,15,135
Arizona,2012,16,43
California,2012,16,61
Colorado,2012,16,11
Georgia,2012,16,27
Illinois,2012,16,4
New York,2012,16,37
Pennsylvania,2012,16,42
Texas,2012,16,38
Washington,2012,16,118
Arizona,2012,17,16
California,2012,17,19
Colorado,2012,17,7
Georgia,2012,17,47
Illinois,2012,17,3
New York,2012,17,27
Pennsylvania,2012,17,35
Texas,2012,17,21
Washington,2012,17,90
Arizona,2012,18,22
California,2012,18,19
Colorado,2012,18,4
Georgia,2012,18,30
Illinois,2012,18,7
New York,2012,18,38
Pennsylvania,2012,18,30
Texas,2012,18,16
Washington,2012,18,49
Arizona,2012,19,16
California,2012,19,7
Colorado,2012,19,3
Georgia,2012,19,17
Illinois,2012,19,4
New York,2012,19,41
Pennsylvania,2012,19,39
Texas,2012,19,7
Washington,2012,19,49
Arizona,2012,20,12
California,2012,20,11
Colorado,2012,20,5
Georgia,2012,20,15
Illinois,2012,20,0
New York,2012,20,19
Pennsylvania,2012,20,20
Texas,2012,20,5
Washington,2012,20,57
Arizona,2012,21,9
California,2012,21,2
Colorado,2012,21,1
Georgia,2012,21,18
Illinois,2012,21,1
New York,2012,21,15
Pennsylvania,2012,21,6
Texas,2012,21,10
Washington,2012,21,55
Arizona,2012,22,17
California,2012,22,1
Colorado,2012,22,1
Georgia,2012,22,11
Illinois,2012,22,0
New York,2012,22,6
Pennsylvania,2012,22,7
Texas,2012,22,6
Washington,2012,22,37
Arizona,2012,23,13
California,2012,23,2
Colorado,2012,23,0
Georgia,2012,23,8
Illinois,2012,23,0
New York,2012,23,5
Pennsylvania,2012,23,2
Texas,2012,23,5
Washington,2012,23,12
Arizona,2012,24,8
California,2012,24,2
Colorado,2012,24,3
Georgia,2012,24,3
Illinois,2012,24,1
New York,2012,24,6
Pennsylvania,2012,24,4
Texas,2012,24,5
Washington,2012,24,22
Arizona,2012,25,1
California,2012,25,7
Colorado,2012,25,0
Georgia,2012,25,3
Illinois,2012,25,1
New York,2012,25,3
Pennsylvania,2012,25,1
Texas,2012,25,5
Washington,2012,25,7
Arizona,2012,26,6
California,2012,26,1
Colorado,2012,26,0
Georgia,2012,26,3
Illinois,2012,26,0
New York,2012,26,2
Pennsylvania,2012,26,2
Texas,2012,26,1
Washington,2012,26,3
Arizona,2012,27,3
California,2012,27,1
Colorado,2012,27,0
Georgia,2012,27,2
Illinois,2012,27,1
New York,2012,27,0
Pennsylvania,2012,27,1
Texas,2012,27,1
Washington,2012,27,2
Arizona,2012,28,5
California,2012,28,1
Colorado,2012,28,2
Georgia,2012,28,3
Illinois,2012,28,0
New York,2012,28,2
Pennsylvania,2012,28,0
Texas,2012,28,3
Washington,2012,28,0
Arizona,2012,29,0
California,2012,29,0
Colorado,2012,29,0
Georgia,2012,29,2
Illinois,2012,29,0
New York,2012,29,0
Pennsylvania,2012,29,2
Texas,2012,29,2
Washington,2012,29,1
Arizona,2012,30,0
California,2012,30,0
Colorado,2012,30,0
Georgia,2012,30,2
Illinois,2012,30,0
New York,2012,30,3
Pennsylvania,2012,30,1
Texas,2012,30,1
Washington,2012,30,2
Arizona,2012,31,2
California,2012,31,0
Colorado,2012,31,0
Georgia,2012,31,1
Illinois,2012,31,0
New York,2012,31,0
Pennsylvania,2012,31,0
Texas,2012,31,3
Washington,2012,31,5
Arizona,2012,32,0
California,2012,32,4
Colorado,2012,32,0
Georgia,2012,32,2
Illinois,2012,32,3
New York,2012,32,3
Pennsylvania,2012,32,0
Texas,2012,32,4
Washington,2012,32,0
Arizona,2012,33,1
California,2012,33,1
Colorado,2012,33,2
Georgia,2012,33,1
Illinois,2012,33,1
New York,2012,33,2
Pennsylvania,2012,33,9
Texas,2012,33,0
Washington,2012,33,8
Arizona,2012,34,0
California,2012,34,3
Colorado,2012,34,1
Georgia,2012,34,3
Illinois,2012,34,1
New York,2012,34,0
Pennsylvania,2012,34,3
Texas,2012,34,5
Washington,2012,34,0
Arizona,2012,35,0
California,2012,35,4
Colorado,2012,35,0
Georgia,2012,35,4
Illinois,2012,35,0
New York,2012,35,2
Pennsylvania,2012,35,6
Texas,2012,35,1
Washington,2012,35,0
Arizona,2012,36,1
California,2012,36,6
Colorado,2012,36,0
Georgia,2012,36,17
Illinois,2012,36,0
New York,2012,36,0
Pennsylvania,2012,36,3
Texas,2012,36,1
Washington,2012,36,0
Arizona,2012,37,1
California,2012,37,0
Colorado,2012,37,2
Georgia,2012,37,16
Illinois,2012,37,0
New York,2012,37,3
Pennsylvania,2012,37,2
Texas,2012,37,3
Washington,2012,37,0
Arizona,2012,38,1
California,2012,38,1
Colorado,2012,38,4
Georgia,2012,38,23
Illinois,2012,38,0
New York,2012,38,1
Pennsylvania,2012,38,0
Texas,2012,38,7
Washington,2012,38,3
Arizona,2012,39,1
California,2012,39,2
Colorado,2012,39,0
Georgia,2012,39,26
Illinois,2012,39,0
New York,2012,39,0
Pennsylvania,2012,39,2
Texas,2012,39,4
Washington,2012,39,4
Arizona,2012,40,1
California,2012,40,5
Colorado,2012,40,0
Georgia,2012,40,33
Illinois,2012,40,0
New York,2012,40,3
Pennsylvania,2012,40,2
Texas,2012,40,21
Washington,2012,40,8
Arizona,2012,41,0
California,2012,41,1
Colorado,2012,41,2
Georgia,2012,41,30
Illinois,2012,41,0
New York,2012,41,5
Pennsylvania,2012,41,4
Texas,2012,41,16
Washington,2012,41,5
Arizona,2012,42,1
California,2012,42,0
Colorado,2012,42,4
Georgia,2012,42,23
Illinois,2012,42,0
New York,2012,42,16
Pennsylvania,2012,42,1
Texas,2012,42,21
Washington,2012,42,6
Arizona,2012,43,2
California,2012,43,4
Colorado,2012,43,6
Georgia,2012,43,25
Illinois,2012,43,0
New York,2012,43,18
Pennsylvania,2012,43,4
Texas,2012,43,20
Washington,2012,43,7
Arizona,2012,44,2
California,2012,44,2
Colorado,2012,44,18
Georgia,2012,44,42
Illinois,2012,44,0
New York,2012,44,13
Pennsylvania,2012,44,1
Texas,2012,44,38
Washington,2012,44,12
Arizona,2012,45,2
California,2012,45,4
Colorado,2012,45,29
Georgia,2012,45,62
Illinois,2012,45,3
New York,2012,45,15
Pennsylvania,2012,45,4
Texas,2012,45,70
Washington,2012,45,16
Arizona,2012,46,14
California,2012,46,9
Colorado,2012,46,25
Georgia,2012,46,96
Illinois,2012,46,6
New York,2012,46,42
Pennsylvania,2012,46,4
Texas,2012,46,81
Washington,2012,46,24
Arizona,2012,47,17
California,2012,47,7
Colorado,2012,47,37
Georgia,2012,47,216
Illinois,2012,47,11
New York,2012,47,51
Pennsylvania,2012,47,9
Texas,2012,47,157
Washington,2012,47,34
Arizona,2012,48,26
California,2012,48,11
Colorado,2012,48,45
Georgia,2012,48,261
Illinois,2012,48,23
New York,2012,48,131
Pennsylvania,2012,48,46
Texas,2012,48,176
Washington,2012,48,37
Arizona,2012,49,51
California,2012,49,15
Colorado,2012,49,89
Georgia,2012,49,484
Illinois,2012,49,32
New York,2012,49,192
Pennsylvania,2012,49,114
Texas,2012,49,249
Washington,2012,49,66
Arizona,2012,50,94
California,2012,50,19
Colorado,2012,50,114
Georgia,2012,50,474
Illinois,2012,50,47
New York,2012,50,408
Pennsylvania,2012,50,241
Texas,2012,50,391
Washington,2012,50,90
Arizona,2012,51,179
California,2012,51,24
Colorado,2012,51,142
Georgia,2012,51,415
Illinois,2012,51,73
New York,2012,51,700
Pennsylvania,2012,51,243
Texas,2012,51,594
Washington,2012,51,107
Arizona,2012,52,174
California,2012,52,45
Colorado,2012,52,156
Georgia,2012,52,420
Illinois,2012,52,71
New York,2012,52,656
Pennsylvania,2012,52,221
Texas,2012,52,717
Washington,2012,52,156
Arizona,2013,1,225
California,2013,1,76
Colorado,2013,1,214
Georgia,2013,1,425
Illinois,2013,1,50
New York,2013,1,625
Pennsylvania,2013,1,239
Texas,2013,1,737
Washington,2013,1,166
Arizona,2013,2,235
California,2013,2,119
Colorado,2013,2,184
Georgia,2013,2,308
Illinois,2013,2,44
New York,2013,2,742
Pennsylvania,2013,2,238
Texas,2013,2,851
Washington,2013,2,277
Arizona,2013,3,241
California,2013,3,165
Colorado,2013,3,232
Georgia,2013,3,188
Illinois,2013,3,29
New York,2013,3,664
Pennsylvania,2013,3,197
Texas,2013,3,766
Washington,2013,3,192
Arizona,2013,4,318
California,2013,4,359
Colorado,2013,4,206
Georgia,2013,4,110
Illinois,2013,4,22
New York,2013,4,412
Pennsylvania,2013,4,159
Texas,2013,4,679
Washington,2013,4,215
Arizona,2013,5,210
California,2013,5,354
Colorado,2013,5,143
Georgia,2013,5,130
Illinois,2013,5,16
New York,2013,5,355
Pennsylvania,2013,5,117
Texas,2013,5,427
Washington,2013,5,145
Arizona,2013,6,131
California,2013,6,241
Colorado,2013,6,131
Georgia,2013,6,200
Illinois,2013,6,8
New York,2013,6,245
Pennsylvania,2013,6,95
Texas,2013,6,283
Washington,2013,6,96
Arizona,2013,7,72
California,2013,7,153
Colorado,2013,7,136
Georgia,2013,7,229
Illinois,2013,7,10
New York,2013,7,227
Pennsylvania,2013,7,87
Texas,2013,7,126
Washington,2013,7,65
Arizona,2013,8,66
California,2013,8,144
Colorado,2013,8,77
Georgia,2013,8,199
Illinois,2013,8,8
New York,2013,8,214
Pennsylvania,2013,8,63
Texas,2013,8,132
Washington,2013,8,54
Arizona,2013,9,39
California,2013,9,103
Colorado,2013,9,52
Georgia,2013,9,226
Illinois,2013,9,9
New York,2013,9,169
Pennsylvania,2013,9,73
Texas,2013,9,111
Washington,2013,9,39
Arizona,2013,10,39
California,2013,10,83
Colorado,2013,10,58
Georgia,2013,10,224
Illinois,2013,10,1
New York,2013,10,148
Pennsylvania,2013,10,71
Texas,2013,10,108
Washington,2013,10,25
Arizona,2013,11,20
California,2013,11,75
Colorado,2013,11,38
Georgia,2013,11,154
Illinois,2013,11,11
New York,2013,11,167
Pennsylvania,2013,11,60
Texas,2013,11,76
Washington,2013,11,33
Arizona,2013,12,18
California,2013,12,39
Colorado,2013,12,31
Georgia,2013,12,157
Illinois,2013,12,4
New York,2013,12,158
Pennsylvania,2013,12,48
Texas,2013,12,50
Washington,2013,12,23
Arizona,2013,13,6
California,2013,13,25
Colorado,2013,13,13
Georgia,2013,13,109
Illinois,2013,13,7
New York,2013,13,145
Pennsylvania,2013,13,35
Texas,2013,13,34
Washington,2013,13,20
Arizona,2013,14,11
California,2013,14,15
Colorado,2013,14,9
Georgia,2013,14,123
Illinois,2013,14,10
New York,2013,14,88
Pennsylvania,2013,14,26
Texas,2013,14,34
Washington,2013,14,9
Arizona,2013,15,4
California,2013,15,1
Colorado,2013,15,9
Georgia,2013,15,67
Illinois,2013,15,4
New York,2013,15,72
Pennsylvania,2013,15,17
Texas,2013,15,21
Washington,2013,15,9
Arizona,2013,16,1
California,2013,16,14
Colorado,2013,16,8
Georgia,2013,16,29
Illinois,2013,16,9
New York,2013,16,44
Pennsylvania,2013,16,9
Texas,2013,16,14
Washington,2013,16,9
Arizona,2013,17,0
California,2013,17,8
Colorado,2013,17,2
Georgia,2013,17,15
Illinois,2013,17,4
New York,2013,17,26
Pennsylvania,2013,17,4
Texas,2013,17,4
Washington,2013,17,6
Arizona,2013,18,1
California,2013,18,3
Colorado,2013,18,3
Georgia,2013,18,9
Illinois,2013,18,3
New York,2013,18,22
Pennsylvania,2013,18,1
Texas,2013,18,4
Washington,2013,18,1
Arizona,2013,19,5
California,2013,19,9
Colorado,2013,19,2
Georgia,2013,19,11
Illinois,2013,19,1
New York,2013,19,9
Pennsylvania,2013,19,4
Texas,2013,19,5
Washington,2013,19,2
Arizona,2013,20,2
California,2013,20,1
Colorado,2013,20,4
Georgia,2013,20,4
Illinois,2013,20,1
New York,2013,20,6
Pennsylvania,2013,20,3
Texas,2013,20,1
Washington,2013,20,0
Arizona,2013,21,1
California,2013,21,0
Colorado,2013,21,3
Georgia,2013,21,4
Illinois,2013,21,3
New York,2013,21,4
Pennsylvania,2013,21,1
Texas,2013,21,1
Washington,2013,21,1
Arizona,2013,22,1
California,2013,22,1
Colorado,2013,22,1
Georgia,2013,22,0
Illinois,2013,22,0
New York,2013,22,1
Pennsylvania,2013,22,0
Texas,2013,22,4
Washington,2013,22,2
Arizona,2013,23,0
California,2013,23,0
Colorado,2013,23,0
Georgia,2013,23,5
Illinois,2013,23,1
New York,2013,23,4
Pennsylvania,2013,23,0
Texas,2013,23,5
Washington,2013,23,1
Arizona,2013,24,0
California,2013,24,0
Colorado,2013,24,1
Georgia,2013,24,2
Illinois,2013,24,0
New York,2013,24,1
Pennsylvania,2013,24,0
Texas,2013,24,3
Washington,2013,24,0
Arizona,2013,25,1
California,2013,25,0
Colorado,2013,25,0
Georgia,2013,25,1
Illinois,2013,25,0
New York,2013,25,2
Pennsylvania,2013,25,0
Texas,2013,25,2
Washington,2013,25,0
Arizona,2013,26,1
California,2013,26,0
Colorado,2013,26,0
Georgia,2013,26,1
Illinois,2013,26,0
New York,2013,26,0
Pennsylvania,2013,26,0
Texas,2013,26,1
Washington,2013,26,0
Arizona,2013,27,0
California,2013,27,0
Colorado,2013,27,0
Georgia,2013,27,3
Illinois,2013,27,1
New York,2013,27,1
Pennsylvania,2013,27,0
Texas,2013,27,2
Washington,2013,27,0
Arizona,2013,28,0
California,2013,28,2
Colorado,2013,28,1
Georgia,2013,28,1
Illinois,2013,28,0
New York,2013,28,0
Pennsylvania,2013,28,0
Texas,2013,28,2
Washington,2013,28,1
Arizona,2013,29,1
California,2013,29,1
Colorado,2013,29,1
Georgia,2013,29,1
Illinois,2013,29,0
New York,2013,29,1
Pennsylvania,2013,29,0
Texas,2013,29,2
Washington,2013,29,1
Arizona,2013,30,0
California,2013,30,1
Colorado,2013,30,1
Georgia,2013,30,1
Illinois,2013,30,0
New York,2013,30,1
Pennsylvania,2013,30,0
Texas,2013,30,2
Washington,2013,30,0
Arizona,2013,31,0
California,2013,31,0
Colorado,2013,31,0
Georgia,2013,31,1
Illinois,2013,31,1
New York,2013,31,0
Pennsylvania,2013,31,0
Texas,2013,31,5
Washington,2013,31,1
Arizona,2013,32,0
California,2013,32,5
Colorado,2013,32,3
Georgia,2013,32,2
Illinois,2013,32,1
New York,2013,32,0
Pennsylvania,2013,32,0
Texas,2013,32,2
Washington,2013,32,0
Arizona,2013,33,1
California,2013,33,0
Colorado,2013,33,0
Georgia,2013,33,2
Illinois,2013,33,0
New York,2013,33,0
Pennsylvania,2013,33,0
Texas,2013,33,3
Washington,2013,33,1
Arizona,2013,34,0
California,2013,34,0
Colorado,2013,34,0
Georgia,2013,34,2
Illinois,2013,34,0
New York,2013,34,0
Pennsylvania,2013,34,0
Texas,2013,34,0
Washington,2013,34,0
Arizona,2013,35,0
California,2013,35,0
Colorado,2013,35,0
Georgia,2013,35,5
Illinois,2013,35,0
New York,2013,35,2
Pennsylvania,2013,35,2
Texas,2013,35,5
Washington,2013,35,0
Arizona,2013,36,0
California,2013,36,0
Colorado,2013,36,1
Georgia,2013,36,4
Illinois,2013,36,2
New York,2013,36,2
Pennsylvania,2013,36,1
Texas,2013,36,3
Washington,2013,36,2
Arizona,2013,37,0
California,2013,37,0
Colorado,2013,37,1
Georgia,2013,37,6
Illinois,2013,37,0
New York,2013,37,1
Pennsylvania,2013,37,0
Texas,2013,37,3
Washington,2013,37,0
Arizona,2013,38,0
California,2013,38,1
Colorado,2013,38,0
Georgia,2013,38,6
Illinois,2013,38,0
New York,2013,38,4
Pennsylvania,2013,38,0
Texas,2013,38,4
Washington,2013,38,3
Arizona,2013,39,3
California,2013,39,0
Colorado,2013,39,3
Georgia,2013,39,13
Illinois,2013,39,0
New York,2013,39,5
Pennsylvania,2013,39,0
Texas,2013,39,3
Washington,2013,39,2
Arizona,2013,40,0
California,2013,40,1
Colorado,2013,40,2
Georgia,2013,40,12
Illinois,2013,40,1
New York,2013,40,5
Pennsylvania,2013,40,3
Texas,2013,40,6
Washington,2013,40,2
Arizona,2013,41,1
California,2013,41,4
Colorado,2013,41,1
Georgia,2013,41,23
Illinois,2013,41,1
New York,2013,41,1
Pennsylvania,2013,41,1
Texas,2013,41,8
Washington,2013,41,8
Arizona,2013,42,1
California,2013,42,4
Colorado,2013,42,4
Georgia,2013,42,4
Illinois,2013,42,2
New York,2013,42,2
Pennsylvania,2013,42,1
Texas,2013,42,11
Washington,2013,42,0
Arizona,2013,43,3
California,2013,43,3
Colorado,2013,43,2
Georgia,2013,43,17
Illinois,2013,43,0
New York,2013,43,1
Pennsylvania,2013,43,2
Texas,2013,43,17
Washington,2013,43,0
Arizona,2013,44,5
California,2013,44,10
Colorado,2013,44,11
Georgia,2013,44,56
Illinois,2013,44,1
New York,2013,44,6
Pennsylvania,2013,44,1
Texas,2013,44,18
Washington,2013,44,2
Arizona,2013,45,7
California,2013,45,7
Colorado,2013,45,18
Georgia,2013,45,78
Illinois,2013,45,0
New York,2013,45,11
Pennsylvania,2013,45,3
Texas,2013,45,49
Washington,2013,45,3
Arizona,2013,46,9
California,2013,46,9
Colorado,2013,46,48
Georgia,2013,46,79
Illinois,2013,46,0
New York,2013,46,9
Pennsylvania,2013,46,5
Texas,2013,46,85
Washington,2013,46,4
Arizona,2013,47,12
California,2013,47,7
Colorado,2013,47,56
Georgia,2013,47,127
Illinois,2013,47,10
New York,2013,47,6
Pennsylvania,2013,47,9
Texas,2013,47,86
Washington,2013,47,9
Arizona,2013,48,9
California,2013,48,15
Colorado,2013,48,107
Georgia,2013,48,167
Illinois,2013,48,2
New York,2013,48,21
Pennsylvania,2013,48,8
Texas,2013,48,120
Washington,2013,48,17
Arizona,2013,49,21
California,2013,49,22
Colorado,2013,49,201
Georgia,2013,49,309
Illinois,2013,49,23
New York,2013,49,41
Pennsylvania,2013,49,27
Texas,2013,49,281
Washington,2013,49,27
Arizona,2013,50,24
California,2013,50,36
Colorado,2013,50,208
Georgia,2013,50,270
Illinois,2013,50,33
New York,2013,50,80
Pennsylvania,2013,50,30
Texas,2013,50,449
Washington,2013,50,59
Arizona,2013,51,75
California,2013,51,72
Colorado,2013,51,299
Georgia,2013,51,422
Illinois,2013,51,68
New York,2013,51,126
Pennsylvania,2013,51,29
Texas,2013,51,1082
Washington,2013,51,96
Arizona,2013,52,134
California,2013,52,94
Colorado,2013,52,464
Georgia,2013,52,367
Illinois,2013,52,91
New York,2013,52,257
Pennsylvania,2013,52,70
Texas,2013,52,1018
Washington,2013,52,128
Arizona,2014,1,199
California,2014,1,196
Colorado,2014,1,497
Georgia,2014,1,257
Illinois,2014,1,128
New York,2014,1,266
Pennsylvania,2014,1,70
Texas,2014,1,805
Washington,2014,1,212
Arizona,2014,2,235
California,2014,2,320
Colorado,2014,2,282
Georgia,2014,2,160
Illinois,2014,2,62
New York,2014,2,278
Pennsylvania,2014,2,81
Texas,2014,2,546
Washington,2014,2,186
Arizona,2014,3,261
California,2014,3,347
Colorado,2014,3,178
Georgia,2014,3,142
Illinois,2014,3,59
New York,2014,3,317
Pennsylvania,2014,3,130
Texas,2014,3,381
Washington,2014,3,147
Arizona,2014,4,218
California,2014,4,352
Colorado,2014,4,99
Georgia,2014,4,111
Illinois,2014,4,48
New York,2014,4,380
Pennsylvania,2014,4,141
Texas,2014,4,226
Washington,2014,4,90
Arizona,2014,5,48
California,2014,5,273
Colorado,2014,5,69
Georgia,2014,5,90
Illinois,2014,5,36
New York,2014,5,288
Pennsylvania,2014,5,97
Texas,2014,5,158
Washington,2014,5,73
Arizona,2014,6,49
California,2014,6,181
Colorado,2014,6,35
Georgia,2014,6,80
Illinois,2014,6,36
New York,2014,6,264
Pennsylvania,2014,6,93
Texas,2014,6,125
Washington,2014,6,62
Arizona,2014,7,81
California,2014,7,91
Colorado,2014,7,23
Georgia,2014,7,51
Illinois,2014,7,18
New York,2014,7,237
Pennsylvania,2014,7,66
Texas,2014,7,108
Washington,2014,7,77
Arizona,2014,8,56
California,2014,8,52
Colorado,2014,8,13
Georgia,2014,8,44
Illinois,2014,8,13
New York,2014,8,136
Pennsylvania,2014,8,59
Texas,2014,8,100
Washington,2014,8,51
Arizona,2014,9,53
California,2014,9,35
Colorado,2014,9,6
Georgia,2014,9,32
Illinois,2014,9,18
New York,2014,9,157
Pennsylvania,2014,9,54
Texas,2014,9,88
Washington,2014,9,36
Arizona,2014,10,42
California,2014,10,14
Colorado,2014,10,9
Georgia,2014,10,18
Illinois,2014,10,16
New York,2014,10,122
Pennsylvania,2014,10,39
Texas,2014,10,101
Washington,2014,10,15
Arizona,2014,11,26
California,2014,11,17
Colorado,2014,11,9
Georgia,2014,11,17
Illinois,2014,11,6
New York,2014,11,173
Pennsylvania,2014,11,37
Texas,2014,11,74
Washington,2014,11,18
Arizona,2014,12,31
California,2014,12,10
Colorado,2014,12,13
Georgia,2014,12,23
Illinois,2014,12,8
New York,2014,12,195
Pennsylvania,2014,12,41
Texas,2014,12,76
Washington,2014,12,9
Arizona,2014,13,14
California,2014,13,15
Colorado,2014,13,16
Georgia,2014,13,24
Illinois,2014,13,5
New York,2014,13,251
Pennsylvania,2014,13,51
Texas,2014,13,67
Washington,2014,13,14
Arizona,2014,14,15
California,2014,14,4
Colorado,2014,14,10
Georgia,2014,14,13
Illinois,2014,14,6
New York,2014,14,284
Pennsylvania,2014,14,79
Texas,2014,14,66
Washington,2014,14,17
Arizona,2014,15,26
California,2014,15,21
Colorado,2014,15,11
Georgia,2014,15,10
Illinois,2014,15,13
New York,2014,15,263
Pennsylvania,2014,15,61
Texas,2014,15,52
Washington,2014,15,11
Arizona,2014,16,40
California,2014,16,9
Colorado,2014,16,11
Georgia,2014,16,15
Illinois,2014,16,8
New York,2014,16,217
Pennsylvania,2014,16,57
Texas,2014,16,34
Washington,2014,16,13
Arizona,2014,17,23
California,2014,17,6
Colorado,2014,17,14
Georgia,2014,17,8
Illinois,2014,17,15
New York,2014,17,139
Pennsylvania,2014,17,43
Texas,2014,17,30
Washington,2014,17,7
Arizona,2014,18,28
California,2014,18,11
Colorado,2014,18,9
Georgia,2014,18,11
Illinois,2014,18,11
New York,2014,18,86
Pennsylvania,2014,18,42
Texas,2014,18,32
Washington,2014,18,5
Arizona,2014,19,36
California,2014,19,15
Colorado,2014,19,8
Georgia,2014,19,11
Illinois,2014,19,10
New York,2014,19,64
Pennsylvania,2014,19,31
Texas,2014,19,22
Washington,2014,19,8
Arizona,2014,20,29
California,2014,20,15
Colorado,2014,20,8
Georgia,2014,20,12
Illinois,2014,20,7
New York,2014,20,50
Pennsylvania,2014,20,24
Texas,2014,20,30
Washington,2014,20,4
Arizona,2014,21,25
California,2014,21,15
Colorado,2014,21,13
Georgia,2014,21,11
Illinois,2014,21,3
New York,2014,21,20
Pennsylvania,2014,21,2
Texas,2014,21,20
Washington,2014,21,6
Arizona,2014,22,29
California,2014,22,12
Colorado,2014,22,6
Georgia,2014,22,18
Illinois,2014,22,1
New York,2014,22,9
Pennsylvania,2014,22,8
Texas,2014,22,9
Washington,2014,22,6
Arizona,2014,23,16
California,2014,23,8
Colorado,2014,23,5
Georgia,2014,23,8
Illinois,2014,23,1
New York,2014,23,4
Pennsylvania,2014,23,1
Texas,2014,23,22
Washington,2014,23,1
Arizona,2014,24,7
California,2014,24,6
Colorado,2014,24,0
Georgia,2014,24,7
Illinois,2014,24,0
New York,2014,24,2
Pennsylvania,2014,24,0
Texas,2014,24,30
Washington,2014,24,5
Arizona,2014,25,5
California,2014,25,7
Colorado,2014,25,2
Georgia,2014,25,6
Illinois,2014,25,0
New York,2014,25,1
Pennsylvania,2014,25,0
Texas,2014,25,6
Washington,2014,25,7
Arizona,2014,26,7
California,2014,26,5
Colorado,2014,26,1
Georgia,2014,26,0
Illinois,2014,26,2
New York,2014,26,1
Pennsylvania,2014,26,0
Texas,2014,26,1
Washington,2014,26,3
Arizona,2014,27,1
California,2014,27,3
Colorado,2014,27,0
Georgia,2014,27,3
Illinois,2014,27,0
New York,2014,27,1
Pennsylvania,2014,27,1
Texas,2014,27,0
Washington,2014,27,5
Arizona,2014,28,1
California,2014,28,4
Colorado,2014,28,0
Georgia,2014,28,1
Illinois,2014,28,0
New York,2014,28,3
Pennsylvania,2014,28,0
Texas,2014,28,2
Washington,2014,28,4
Arizona,2014,29,0
California,2014,29,3
Colorado,2014,29,0
Georgia,2014,29,2
Illinois,2014,29,0
New York,2014,29,2
Pennsylvania,2014,29,0
Texas,2014,29,2
Washington,2014,29,1
Arizona,2014,30,0
California,2014,30,7
Colorado,2014,30,0
Georgia,2014,30,2
Illinois,2014,30,1
New York,2014,30,0
Pennsylvania,2014,30,0
Texas,2014,30,1
Washington,2014,30,1
Arizona,2014,31,1
California,2014,31,1
Colorado,2014,31,0
Georgia,2014,31,1
Illinois,2014,31,0
New York,2014,31,2
Pennsylvania,2014,31,0
Texas,2014,31,1
Washington,2014,31,2
Arizona,2014,32,1
California,2014,32,4
Colorado,2014,32,0
Georgia,2014,32,1
Illinois,2014,32,0
New York,2014,32,0
Pennsylvania,2014,32,0
Texas,2014,32,2
Washington,2014,32,1
Arizona,2014,33,0
California,2014,33,4
Colorado,2014,33,0
Georgia,2014,33,3
Illinois,2014,33,0
New York,2014,33,2
Pennsylvania,2014,33,0
Texas,2014,33,1
Washington,2014,33,1
Arizona,2014,34,2
California,2014,34,1
Colorado,2014,34,2
Georgia,2014,34,5
Illinois,2014,34,0
New York,2014,34,2
Pennsylvania,2014,34,0
Texas,2014,34,3
Washington,2014,34,0
Arizona,2014,35,1
California,2014,35,1
Colorado,2014,35,0
Georgia,2014,35,3
Illinois,2014,35,2
New York,2014,35,1
Pennsylvania,2014,35,0
Texas,2014,35,3
Washington,2014,35,1
Arizona,2014,36,1
California,2014,36,0
Colorado,2014,36,0
Georgia,2014,36,7
Illinois,2014,36,0
New York,2014,36,4
Pennsylvania,2014,36,0
Texas,2014,36,1
Washington,2014,36,1
Arizona,2014,37,0
California,2014,37,0
Colorado,2014,37,0
Georgia,2014,37,8
Illinois,2014,37,0
New York,2014,37,1
Pennsylvania,2014,37,3
Texas,2014,37,2
Washington,2014,37,1
Arizona,2014,38,0
California,2014,38,0
Colorado,2014,38,1
Georgia,2014,38,10
Illinois,2014,38,0
New York,2014,38,1
Pennsylvania,2014,38,3
Texas,2014,38,7
Washington,2014,38,1
Arizona,2014,39,3
California,2014,39,3
Colorado,2014,39,1
Georgia,2014,39,6
Illinois,2014,39,0
New York,2014,39,4
Pennsylvania,2014,39,4
Texas,2014,39,20
Washington,2014,39,3
Arizona,2014,40,0
California,2014,40,9
Colorado,2014,40,6
Georgia,2014,40,15
Illinois,2014,40,1
New York,2014,40,3
Pennsylvania,2014,40,6
Texas,2014,40,16
Washington,2014,40,1
Arizona,2014,41,5
California,2014,41,15
Colorado,2014,41,1
Georgia,2014,41,12
Illinois,2014,41,7
New York,2014,41,10
Pennsylvania,2014,41,3
Texas,2014,41,40
Washington,2014,41,10
Arizona,2014,42,0
California,2014,42,17
Colorado,2014,42,4
Georgia,2014,42,24
Illinois,2014,42,5
New York,2014,42,16
Pennsylvania,2014,42,7
Texas,2014,42,50
Washington,2014,42,5
Arizona,2014,43,1
California,2014,43,12
Colorado,2014,43,6
Georgia,2014,43,16
Illinois,2014,43,13
New York,2014,43,6
Pennsylvania,2014,43,6
Texas,2014,43,50
Washington,2014,43,9
Arizona,2014,44,10
California,2014,44,22
Colorado,2014,44,8
Georgia,2014,44,15
Illinois,2014,44,22
New York,2014,44,7
Pennsylvania,2014,44,12
Texas,2014,44,79
Washington,2014,44,6
Arizona,2014,45,11
California,2014,45,14
Colorado,2014,45,30
Georgia,2014,45,35
Illinois,2014,45,62
New York,2014,45,12
Pennsylvania,2014,45,15
Texas,2014,45,141
Washington,2014,45,12
Arizona,2014,46,9
California,2014,46,20
Colorado,2014,46,44
Georgia,2014,46,69
Illinois,2014,46,89
New York,2014,46,15
Pennsylvania,2014,46,19
Texas,2014,46,217
Washington,2014,46,10
Arizona,2014,47,12
California,2014,47,24
Colorado,2014,47,87
Georgia,2014,47,153
Illinois,2014,47,179
New York,2014,47,14
Pennsylvania,2014,47,41
Texas,2014,47,501
Washington,2014,47,20
Arizona,2014,48,34
California,2014,48,36
Colorado,2014,48,149
Georgia,2014,48,301
Illinois,2014,48,249
New York,2014,48,28
Pennsylvania,2014,48,63
Texas,2014,48,667
Washington,2014,48,37
Arizona,2014,49,65
California,2014,49,87
Colorado,2014,49,299
Georgia,2014,49,318
Illinois,2014,49,342
New York,2014,49,114
Pennsylvania,2014,49,99
Texas,2014,49,795
Washington,2014,49,58
Arizona,2014,50,56
California,2014,50,129
Colorado,2014,50,476
Georgia,2014,50,388
Illinois,2014,50,425
New York,2014,50,222
Pennsylvania,2014,50,168
Texas,2014,50,1183
Washington,2014,50,107
Arizona,2014,51,74
California,2014,51,164
Colorado,2014,51,702
Georgia,2014,51,697
Illinois,2014,51,477
New York,2014,51,454
Pennsylvania,2014,51,306
Texas,2014,51,1121
Washington,2014,51,155
Arizona,2014,52,119
California,2014,52,359
Colorado,2014,52,615
Georgia,2014,52,783
Illinois,2014,52,280
New York,2014,52,824
Pennsylvania,2014,52,496
Texas,2014,52,1064
Washington,2014,52,205
Arizona,2014,53,153
California,2014,53,494
Colorado,2014,53,469
Georgia,2014,53,386
Illinois,2014,53,155
New York,2014,53,841
Pennsylvania,2014,53,512
Texas,2014,53,711
Washington,2014,53,182
Arizona,2015,1,211
California,2015,1,936
Colorado,2015,1,230
Georgia,2015,1,195
Illinois,2015,1,112
New York,2015,1,749
Pennsylvania,2015,1,415
Texas,2015,1,619
Washington,2015,1,192
Arizona,2015,2,254
California,2015,2,1330
Colorado,2015,2,106
Georgia,2015,2,152
Illinois,2015,2,63
New York,2015,2,728
Pennsylvania,2015,2,282
Texas,2015,2,726
Washington,2015,2,208
Arizona,2015,3,254
California,2015,3,1159
Colorado,2015,3,78
Georgia,2015,3,126
Illinois,2015,3,35
New York,2015,3,889
Pennsylvania,2015,3,294
Texas,2015,3,594
Washington,2015,3,141
Arizona,2015,4,285
California,2015,4,1151
Colorado,2015,4,64
Georgia,2015,4,103
Illinois,2015,4,33
New York,2015,4,755
Pennsylvania,2015,4,233
Texas,2015,4,486
Washington,2015,4,105
Arizona,2015,5,200
California,2015,5,994
Colorado,2015,5,70
Georgia,2015,5,87
Illinois,2015,5,19
New York,2015,5,681
Pennsylvania,2015,5,193
Texas,2015,5,377
Washington,2015,5,98
Arizona,2015,6,102
California,2015,6,674
Colorado,2015,6,73
Georgia,2015,6,98
Illinois,2015,6,25
New York,2015,6,504
Pennsylvania,2015,6,110
Texas,2015,6,316
Washington,2015,6,39
Arizona,2015,7,108
California,2015,7,475
Colorado,2015,7,85
Georgia,2015,7,112
Illinois,2015,7,31
New York,2015,7,418
Pennsylvania,2015,7,95
Texas,2015,7,233
Washington,2015,7,35
Arizona,2015,8,90
California,2015,8,304
Colorado,2015,8,94
Georgia,2015,8,131
Illinois,2015,8,41
New York,2015,8,290
Pennsylvania,2015,8,73
Texas,2015,8,182
Washington,2015,8,24
Arizona,2015,9,64
California,2015,9,283
Colorado,2015,9,90
Georgia,2015,9,127
Illinois,2015,9,74
New York,2015,9,259
Pennsylvania,2015,9,69
Texas,2015,9,184
Washington,2015,9,24
Arizona,2015,10,38
California,2015,10,187
Colorado,2015,10,90
Georgia,2015,10,104
Illinois,2015,10,126
New York,2015,10,248
Pennsylvania,2015,10,47
Texas,2015,10,214
Washington,2015,10,24
Arizona,2015,11,40
California,2015,11,151
Colorado,2015,11,55
Georgia,2015,11,82
Illinois,2015,11,135
New York,2015,11,266
Pennsylvania,2015,11,49
Texas,2015,11,109
Washington,2015,11,23
Arizona,2015,12,22
California,2015,12,111
Colorado,2015,12,48
Georgia,2015,12,44
Illinois,2015,12,97
New York,2015,12,271
Pennsylvania,2015,12,51
Texas,2015,12,61
Washington,2015,12,20
Arizona,2015,13,17
California,2015,13,73
Colorado,2015,13,28
Georgia,2015,13,33
Illinois,2015,13,90
New York,2015,13,253
Pennsylvania,2015,13,44
Texas,2015,13,84
Washington,2015,13,18
Arizona,2015,14,20
California,2015,14,62
Colorado,2015,14,21
Georgia,2015,14,25
Illinois,2015,14,77
New York,2015,14,196
Pennsylvania,2015,14,48
Texas,2015,14,52
Washington,2015,14,15
Arizona,2015,15,16
California,2015,15,64
Colorado,2015,15,23
Georgia,2015,15,13
Illinois,2015,15,46
New York,2015,15,159
Pennsylvania,2015,15,18
Texas,2015,15,25
Washington,2015,15,16
Arizona,2015,16,12
California,2015,16,52
Colorado,2015,16,10
Georgia,2015,16,12
Illinois,2015,16,38
New York,2015,16,83
Pennsylvania,2015,16,17
Texas,2015,16,19
Washington,2015,16,17
Arizona,2015,17,13
California,2015,17,27
Colorado,2015,17,9
Georgia,2015,17,10
Illinois,2015,17,22
New York,2015,17,64
Pennsylvania,2015,17,18
Texas,2015,17,9
Washington,2015,17,15
Arizona,2015,18,21
California,2015,18,38
Colorado,2015,18,6
Georgia,2015,18,6
Illinois,2015,18,18
New York,2015,18,27
Pennsylvania,2015,18,11
Texas,2015,18,10
Washington,2015,18,15
Arizona,2015,19,8
California,2015,19,30
Colorado,2015,19,4
Georgia,2015,19,5
Illinois,2015,19,3
New York,2015,19,27
Pennsylvania,2015,19,5
Texas,2015,19,12
Washington,2015,19,25
Arizona,2015,20,9
California,2015,20,31
Colorado,2015,20,0
Georgia,2015,20,6
Illinois,2015,20,2
New York,2015,20,17
Pennsylvania,2015,20,8
Texas,2015,20,4
Washington,2015,20,13
Arizona,2015,21,14
California,2015,21,21
Colorado,2015,21,0
Georgia,2015,21,3
Illinois,2015,21,1
New York,2015,21,11
Pennsylvania,2015,21,2
Texas,2015,21,4
Washington,2015,21,5
Arizona,2015,22,10
California,2015,22,15
Colorado,2015,22,0
Georgia,2015,22,2
Illinois,2015,22,2
New York,2015,22,6
Pennsylvania,2015,22,1
Texas,2015,22,14
Washington,2015,22,7
Arizona,2015,23,9
California,2015,23,21
Colorado,2015,23,1
Georgia,2015,23,2
Illinois,2015,23,1
New York,2015,23,5
Pennsylvania,2015,23,0
Texas,2015,23,9
Washington,2015,23,6
Arizona,2015,24,6
California,2015,24,12
Colorado,2015,24,0
Georgia,2015,24,1
Illinois,2015,24,0
New York,2015,24,3
Pennsylvania,2015,24,1
Texas,2015,24,7
Washington,2015,24,8
Arizona,2015,25,3
California,2015,25,10
Colorado,2015,25,0
Georgia,2015,25,0
Illinois,2015,25,0
New York,2015,25,2
Pennsylvania,2015,25,1
Texas,2015,25,4
Washington,2015,25,0
Arizona,2015,26,4
California,2015,26,14
Colorado,2015,26,0
Georgia,2015,26,2
Illinois,2015,26,3
New York,2015,26,1
Pennsylvania,2015,26,1
Texas,2015,26,3
Washington,2015,26,5
Arizona,2015,27,0
California,2015,27,5
Colorado,2015,27,0
Georgia,2015,27,2
Illinois,2015,27,1
New York,2015,27,4
Pennsylvania,2015,27,1
Texas,2015,27,1
Washington,2015,27,2
Arizona,2015,28,1
California,2015,28,5
Colorado,2015,28,1
Georgia,2015,28,2
Illinois,2015,28,2
New York,2015,28,1
Pennsylvania,2015,28,0
Texas,2015,28,4
Washington,2015,28,3
Arizona,2015,29,0
California,2015,29,2
Colorado,2015,29,1
Georgia,2015,29,1
Illinois,2015,29,0
New York,2015,29,2
Pennsylvania,2015,29,0
Texas,2015,29,3
Washington,2015,29,2
Arizona,2015,30,1
California,2015,30,0
Colorado,2015,30,1
Georgia,2015,30,2
Illinois,2015,30,1
New York,2015,30,4
Pennsylvania,2015,30,0
Texas,2015,30,1
Washington,2015,30,2
Arizona,2015,31,1
California,2015,31,5
Colorado,2015,31,0
Georgia,2015,31,0
Illinois,2015,31,1
New York,2015,31,8
Pennsylvania,2015,31,0
Texas,2015,31,2
Washington,2015,31,1
Arizona,2015,32,0
California,2015,32,9
Colorado,2015,32,0
Georgia,2015,32,1
Illinois,2015,32,1
New York,2015,32,6
Pennsylvania,2015,32,0
Texas,2015,32,0
Washington,2015,32,1
Arizona,2015,33,0
California,2015,33,3
Colorado,2015,33,1
Georgia,2015,33,6
Illinois,2015,33,0
New York,2015,33,3
Pennsylvania,2015,33,0
Texas,2015,33,1
Washington,2015,33,2
Arizona,2015,34,1
California,2015,34,3
Colorado,2015,34,1
Georgia,2015,34,2
Illinois,2015,34,1
New York,2015,34,3
Pennsylvania,2015,34,0
Texas,2015,34,4
Washington,2015,34,1
Arizona,2015,35,1
California,2015,35,10
Colorado,2015,35,1
Georgia,2015,35,2
Illinois,2015,35,1
New York,2015,35,6
Pennsylvania,2015,35,0
Texas,2015,35,6
Washington,2015,35,7
Arizona,2015,36,2
California,2015,36,7
Colorado,2015,36,3
Georgia,2015,36,8
Illinois,2015,36,0
New York,2015,36,6
Pennsylvania,2015,36,0
Texas,2015,36,6
Washington,2015,36,6
Arizona,2015,37,1
California,2015,37,6
Colorado,2015,37,1
Georgia,2015,37,1
Illinois,2015,37,2
New York,2015,37,5
Pennsylvania,2015,37,3
Texas,2015,37,9
Washington,2015,37,7
Arizona,2015,38,1
California,2015,38,11
Colorado,2015,38,0
Georgia,2015,38,5
Illinois,2015,38,1
New York,2015,38,2
Pennsylvania,2015,38,2
Texas,2015,38,13
Washington,2015,38,7
Arizona,2015,39,6
California,2015,39,12
Colorado,2015,39,2
Georgia,2015,39,6
Illinois,2015,39,1
New York,2015,39,6
Pennsylvania,2015,39,8
Texas,2015,39,16
Washington,2015,39,2
